Name,Team,W,L,QS,ERA,G,GS,SV,HLD,BS,IP,TBF,H,R,ER,HR,BB,IBB,HBP,SO,K/9,BB/9,K/BB,HR/9,K%,BB%,K-BB%,AVG,WHIP,BABIP,LOB%,GB%,HR/FB,FIP,WAR,RA9-WAR,ADP,InterSD,InterSK,IntraSD,Vol,Skew,Dim,FPTS,FPTS/IP,SPTS,SPTS/IP,P10,P20,P30,P40,P50,P60,P70,P80,P90,TT10,TT20,TT30,TT40,TT50,TT60,TT70,TT80,TT90,NameASCII,PlayerId,MLBAMID
"Tarik Skubal","DET",14.99,7.30922,14.9448,2.59999,29.374,29.374,0,0,,188.17,738.473,141.522,58.35,54.36,15.7068,36.8943,0.488036,7.26115,233.327,11.1598,1.76462,6.32421,0.751243,0.315959,0.0499602,0.26599883288145065,0.203829,0.948166,0.282551,0.767556,,,2.44427,6.81293,6.39166,6.880000114440918,,,,,,,1159.2,6.165957446808511,1066,5.670212765957447,,,,,,,,,,,,,,,,,,,"Tarik Skubal","22267",669373
"Paul Skenes","PIT",13.3293,8.58937,14.3688,3.09011,29.806,29.806,0,0,,184.275,743.796,149.348,67.6,63.27,17.0924,47.3719,0.45957,5.0847,219.816,10.7358,2.31365,4.64022,0.834793,0.295532,0.0636894,0.23184308409690857,0.216027,1.06753,0.291035,0.747262,,,2.8092,5.78448,4.88444,9.819999694824219,,,,,,,1049.1000000000004,5.7016304347826114,983,5.342391304347826,,,,,,,,,,,,,,,,,,,"Paul Skenes","33677",694973
"Cristopher Sánchez","PHI",14.3275,7.68536,15.1206,3.07017,29.244,29.244,0,0,,186.879,757.278,164.386,68.91,63.75,13.9962,44.1494,0.471856,5.98451,190.698,9.1839,2.12621,4.31938,0.674051,0.25182,0.0583001,0.19351990520954132,0.232465,1.11589,0.299314,0.738991,,,2.8727,5.19101,4.98604,25.649999618530273,,,,,,,1017.1999999999999,5.439572192513369,985,5.267379679144385,,,,,,,,,,,,,,,,,,,"Cristopher Sanchez","20778",650911
"Logan Webb","SFG",13.4235,9.04988,15.8923,3.26017,29.882,29.882,0,0,,192.772,789.921,176.441,75.07,69.83,14.9769,47.1762,0.816171,5.58565,190.205,8.88015,2.20253,4.0318,0.699232,0.24079,0.0597226,0.18106722086668015,0.239352,1.16001,0.303517,0.733025,,,2.99287,5.17446,4.70649,57.95000076293945,,,,,,,1007.1,5.218134715025907,991,5.134715025906735,,,,,,,,,,,,,,,,,,,"Logan Webb","17995",657277
"Garrett Crochet","BOS",13.2384,8.40218,14.6002,3.2598,29.263,29.263,0,0,,183.131,738.799,151.826,71.42,66.33,20.9749,42.095,0.528735,6.22244,217.748,10.7013,2.06877,5.17279,1.03081,0.294733,0.0569776,0.2377552092075348,0.219884,1.05892,0.289648,0.744432,,,3.03755,5.15868,4.47315,11.949999809265137,,,,,,,992.7,5.424590163934426,934,5.103825136612022,,,,,,,,,,,,,,,,,,,"Garrett Crochet","27463",676979
"Chris Sale","ATL",10.8324,7.70858,12.3262,3.55994,25.493,25.493,0,0,,156.188,643.656,129.196,66.13,61.78,16.8759,41.8533,0.410523,11.9832,203.096,11.703,2.41171,4.85256,0.97244,0.315535,0.0650244,0.2505102604627609,0.219043,1.09515,0.303692,0.711688,,,2.97319,4.47566,3.19625,38.900001525878906,,,,,,,853.9000000000002,5.47371794871795,803,5.147435897435898,,,,,,,,,,,,,,,,,,,"Chris Sale","10603",519242
"Bryan Woo","SEA",13.1206,8.46805,14.6472,3.39025,29.253,29.253,0,0,,182.854,733.066,150.546,73.52,68.88,24.2993,36.8469,0.488557,7.43263,188.872,9.29622,1.81359,5.12587,1.196,0.257647,0.0502641,0.20738302543759346,0.218567,1.02482,0.265439,0.742453,,,3.52334,4.3488,4.13224,35.099998474121094,,,,,,,912.4,4.9857923497267755,849,4.639344262295082,,,,,,,,,,,,,,,,,,,"Bryan Woo","30279",693433
"Max Fried","NYY",13.5402,7.68367,14.3248,3.24003,28.609,28.609,0,0,,179.415,738.618,151.128,69.51,64.59,14.5322,55.2855,0.469519,9.36442,172.968,8.67661,2.77329,3.12864,0.728977,0.234178,0.0748499,0.1593283712863922,0.224236,1.15048,0.280792,0.73577,,,3.34098,4.23031,4.30958,49.9900016784668,,,,,,,901.5000000000001,5.0363128491620115,854,4.770949720670391,,,,,,,,,,,,,,,,,,,"Max Fried","13743",608331
"Dylan Cease","TOR",12.2209,8.22128,12.2667,3.37015,28.977,28.977,0,0,,168.055,689.866,129.565,67.19,62.93,18.3827,62.121,0.577696,4.38623,198.926,10.6532,3.32682,3.20223,0.984466,0.288354,0.0900479,0.19830580055713654,0.20785,1.14062,0.273814,0.750201,,,3.377,4.13705,3.89115,73.58000183105469,,,,,,,883.8,5.260714285714285,806,4.7976190476190474,,,,,,,,,,,,,,,,,,,"Dylan Cease","18525",656302
"Jesús Luzardo","PHI",12.0728,8.89018,13.551,3.67023,29.238,29.238,0,0,,175.256,725.853,152.599,77.3,71.47,20.741,51.603,0.488452,7.03572,194.272,9.97652,2.64999,3.76474,1.06512,0.267646,0.0710929,0.19655295461416245,0.228711,1.16517,0.291592,0.724473,,,3.46041,4.04547,3.25993,71.88999938964844,,,,,,,849.9000000000001,4.856571428571429,813,4.645714285714286,,,,,,,,,,,,,,,,,,,"Jesus Luzardo","19959",666200
"Cole Ragans","KCR",10.6517,7.91626,11.4502,3.39981,26.092,26.092,0,0,,153.591,627.086,116.556,62.01,58.02,19.4675,50.3165,0.501057,7.00611,194.796,11.4145,2.94841,3.8714,1.14074,0.310636,0.0802386,0.2303975448012352,0.20457,1.08648,0.273105,0.751068,,,3.36597,3.91385,3.50315,47.599998474121094,,,,,,,820.7,5.32922077922078,742,4.818181818181818,,,,,,,,,,,,,,,,,,,"Cole Ragans","21846",666142
"Yoshinobu Yamamoto","LAD",12.8568,6.33682,12.3955,3.36013,26.41,26.41,0,0,,160.333,656.96,132.716,64.04,59.86,15.8808,51.4787,0.395181,4.10987,177.868,9.9843,2.88967,3.45518,0.891438,0.270744,0.078359,0.19238506257534027,0.220689,1.14883,0.286626,0.741871,,,3.24416,3.84461,3.68963,26.760000228881836,,,,,,,832.4000000000001,5.202500000000001,783,4.89375,,,,,,,,,,,,,,,,,,,"Yoshinobu Yamamoto","33825",808967
"Framber Valdez","DET",12.9419,8.68094,15.4853,3.35019,28.69,28.69,0,0,,186.061,768.547,160.194,74.77,69.26,14.3347,59.662,0.509114,9.98805,170.105,8.22821,2.88592,2.85115,0.693387,0.221334,0.0776295,0.14370425790548325,0.22921,1.18164,0.283522,0.726202,,,3.43122,3.83984,4.22563,82.73999786376953,,,,,,,918.2,4.936559139784946,878,4.720430107526882,,,,,,,,,,,,,,,,,,,"Framber Valdez","17295",664285
"Logan Gilbert","SEA",11.3892,8.43852,12.3751,3.57021,27.901,27.901,0,0,,164.36,662.323,133.263,69.79,65.2,24.4532,38.8314,0.513535,6.10783,200.606,10.9847,2.12632,5.16608,1.339,0.302882,0.058629,0.24425311759114265,0.215851,1.04706,0.277347,0.742089,,,3.44846,3.80455,3.28932,36.90999984741211,,,,,,,839.6000000000001,5.119512195121952,775,4.725609756097561,,,,,,,,,,,,,,,,,,,"Logan Gilbert","22250",669302
"Jacob deGrom","TEX",10.7965,7.99184,12.1406,3.45011,26.019,26.019,0,0,,157.221,630.524,124.22,64.03,60.27,19.9628,40.519,0.449942,2.5727,174.978,10.0165,2.31948,4.31843,1.14276,0.277513,0.0642624,0.21325024217367172,0.211463,1.04782,0.26563,0.736226,,,3.38215,3.77305,3.4841,49.63999938964844,,,,,,,811.4,5.168152866242038,743,4.732484076433121,,,,,,,,,,,,,,,,,,,"Jacob deGrom","10954",594798
"George Kirby","SEA",11.1505,8.61313,12.4729,3.70024,27.814,27.814,0,0,,164.154,672.055,148.742,72.17,67.49,19.6881,34.7982,0.441802,7.02116,159.851,8.76409,1.90786,4.59367,1.07943,0.237855,0.0517788,0.18607576936483383,0.23601,1.11809,0.286343,0.714017,,,3.51101,3.76585,3.07142,64.51000213623047,,,,,,,774.2000000000002,4.720731707317074,754,4.597560975609756,,,,,,,,,,,,,,,,,,,"George Kirby","25436",669923
"Hunter Brown","HOU",11.7619,9.41043,14.1183,3.74,29.271,29.271,0,0,,178.412,743.804,153.963,78.92,74.14,19.6812,61.5166,0.550385,6.866,188.831,9.52556,3.10321,3.06958,0.992821,0.253871,0.0827055,0.17116594314575195,0.227951,1.20776,0.287597,0.726668,,,3.60227,3.69802,3.24273,36.720001220703125,,,,,,,841.8000000000001,4.729213483146068,801,4.5,,,,,,,,,,,,,,,,,,,"Hunter Brown","25880",686613
"Sonny Gray","BOS",11.1253,8.92234,12.8735,3.71985,28.075,28.075,0,0,,167.281,690.841,149.861,74.32,69.14,20.0023,45.8235,0.419565,4.85971,170.515,9.17398,2.46538,3.72112,1.07616,0.246822,0.06633,0.18049196898937225,0.2341,1.16979,0.288805,0.72378,,,3.55987,3.55034,3.05427,137.1300048828125,,,,,,,788.8,4.723353293413173,764,4.574850299401198,,,,,,,,,,,,,,,,,,,"Sonny Gray","12768",543243
"Joe Ryan","MIN",9.91012,10.0883,13.3361,4.12998,27.996,27.996,0,0,,168.168,696.235,150.301,82.47,77.17,26.9447,40.7712,0.442213,7.42776,186.379,9.9746,2.18199,4.57133,1.44202,0.267695,0.0585596,0.20913562923669815,0.231933,1.1362,0.283766,0.7082,,,3.86132,3.5264,2.27307,79.36000061035156,,,,,,,749.0999999999999,4.4589285714285705,717,4.267857142857143,,,,,,,,,,,,,,,,,,,"Joe Ryan","21390",657746
"Zack Wheeler","PHI",9.71274,5.63352,10.2217,3.18019,20.764,20.764,0,0,,129.36,522.386,99.0461,48.97,45.71,14.78,37.7016,0.320868,5.25506,154.956,10.7808,2.62302,4.11005,1.02829,0.29663,0.0721718,0.22445832192897797,0.206592,1.05711,0.272095,0.756341,,,3.22094,3.48071,3.27109,113.11000061035156,,,,,,,693.6999999999999,5.37751937984496,631,4.891472868217054,,,,,,,,,,,,,,,,,,,"Zack Wheeler","10310",554430
"Chase Burns","CIN",7.93761,8.39194,5.14949,3.43866,28.515,23.125,0,0.6526,,127.986,521.741,102.859,52.19,48.9,15.5688,39.1767,0.809418,2.11351,158.442,11.1417,2.75491,4.0443,1.0948,0.30368,0.0750884,0.22859129309654236,0.214088,1.10977,0.284852,0.747224,,,3.20844,3.33362,2.78092,103.2699966430664,,,,,,,679.6000000000001,5.309375000000001,629,4.9140625,,,,,,,,,,,,,,,,,,,"Chase Burns","35333",695505
"Ranger Suarez","BOS",10.8172,8.63974,12.9904,3.7902,26.936,26.936,0,0,,163.986,684.909,155.109,74.24,69.06,16.7779,44.3938,0.601669,7.31181,143.786,7.89134,2.43646,3.23886,0.920817,0.209934,0.0648171,0.14511659741401672,0.244959,1.21658,0.292677,0.711665,,,3.65749,3.23098,2.85671,183.4600067138672,,,,,,,736.5000000000002,4.490853658536587,734,4.475609756097561,,,,,,,,,,,,,,,,,,,"Ranger Suarez","17277",624133
"MacKenzie Gore","TEX",9.90932,9.2411,11.2544,3.87002,27.667,27.667,0,0,,155.883,653.529,133.39,71.7,67.03,18.7551,55.7361,0.451948,6.56778,174.188,10.0569,3.21796,3.12523,1.08284,0.266535,0.0852848,0.1812497302889824,0.225616,1.21326,0.287823,0.720985,,,3.66343,3.11538,2.54443,164.8699951171875,,,,,,,733.9000000000001,4.70448717948718,692,4.435897435897436,,,,,,,,,,,,,,,,,,,"MacKenzie Gore","22201",669022
"Kevin Gausman","TOR",11.4128,9.51746,14.4991,4.15992,28.92,28.92,0,0,,177.84,742.596,162.191,87.65,82.2,24.9321,54.2802,0.615204,3.03302,173.492,8.77996,2.74697,3.19623,1.26174,0.233629,0.0730952,0.16053389757871628,0.236677,1.21722,0.281928,0.709499,,,3.97338,3.07361,2.29277,114.97000122070312,,,,,,,763.5,4.28932584269663,740,4.157303370786517,,,,,,,,,,,,,,,,,,,"Kevin Gausman","14107",592332
"Nick Pivetta","SDP",10.9483,8.99625,13.1947,3.83993,27.744,27.744,0,0,,167.628,689.089,141.078,76.53,71.52,25.4274,49.0882,0.665909,3.43281,170.562,9.1575,2.63556,3.4746,1.36521,0.247517,0.0712363,0.17628101259469986,0.221623,1.13445,0.262497,0.735187,,,4.01206,3.03986,2.79838,95.63999938964844,,,,,,,755.1,4.494642857142857,701,4.1726190476190474,,,,,,,,,,,,,,,,,,,"Nick Pivetta","15454",601713
"Freddy Peralta","NYM",10.9124,8.80867,12.046,3.82023,28.16,28.16,0,0,,162.32,676.181,130.949,73.39,68.9,21.6906,62.587,0.427418,6.93774,178.773,9.91223,3.4702,2.85639,1.20265,0.264386,0.0925596,0.17182619869709015,0.215853,1.19231,0.268981,0.736327,,,3.95454,3.037,2.83134,56.459999084472656,,,,,,,735.5999999999998,4.540740740740739,672,4.148148148148148,,,,,,,,,,,,,,,,,,,"Freddy Peralta","18679",642547
"Shohei Ohtani","LAD",9.11092,5.18569,6.97354,3.25027,21.707,21.707,0,0,,113.252,462.477,88.3578,43.78,40.9,12.6079,38.1653,0.295128,3.04592,142.473,11.3222,3.03295,3.73307,1.00194,0.308066,0.0825236,0.22554227709770203,0.209743,1.11718,0.284576,0.760003,,,3.158,2.99427,2.7294,1.25,,,,,,,608.5,5.384955752212389,557,4.929203539823009,,,,,,,,,,,,,,,,,,,"Shohei Ohtani","19755",660271
"Blake Snell","LAD",9.69431,5.47742,9.32535,3.58995,21.505,21.505,0,0,,125.375,520.263,100.691,53.65,50.01,13.3962,49.7582,0.416774,2.74278,145.352,10.4341,3.57188,2.92117,0.961644,0.279382,0.0956405,0.18374143540859222,0.21526,1.19999,0.282493,0.735028,,,3.46176,2.82915,2.43556,163.75,,,,,,,633.5,5.068,587,4.696,,,,,,,,,,,,,,,,,,,"Blake Snell","13543",605483
"Emmet Sheehan","LAD",8.93499,6.79533,2.86115,3.59078,33.355,23.163,0,0.7772,,133.517,547.604,102.462,56.9,53.27,18.5036,46.3954,1.16216,4.92939,157.666,10.6278,3.12738,3.39832,1.24728,0.28792,0.0847243,0.20319563150405884,0.206461,1.1149,0.262281,0.747911,,,3.72824,2.78237,2.5901,110.22000122070312,,,,,,,659.6999999999998,4.923134328358207,590,4.402985074626866,,,,,,,,,,,,,,,,,,,"Emmet Sheehan","29839",686218
"Eury Pérez","MIA",8.32233,9.80097,9.73426,3.96978,26.743,26.743,0,0,,143.6,595.384,120.435,67.9,63.34,20.125,45.888,0.438209,5.74143,149.476,9.36825,2.87599,3.25741,1.26132,0.251058,0.0770729,0.1739848107099533,0.221488,1.15824,0.268099,0.712446,,,3.95381,2.75706,2.18625,80.7300033569336,,,,,,,649.6000000000001,4.511111111111112,602,4.180555555555555,,,,,,,,,,,,,,,,,,,"Eury Perez","27768",691587
"Nolan McLean","NYM",10.2593,7.94684,11.6021,3.77985,25.602,25.602,0,0,,151.53,636.921,133.984,68.19,63.64,16.1089,53.1865,0.432364,9.019,148.833,8.83982,3.15897,2.79832,0.956774,0.233676,0.0835056,0.15017016977071762,0.233131,1.2352,0.287659,0.722767,,,3.78429,2.75565,2.70977,88.19999694824219,,,,,,,691.6,4.55,664,4.368421052631579,,,,,,,,,,,,,,,,,,,"Nolan McLean","33703",690997
"Nathan Eovaldi","TEX",9.92313,8.13066,12.2371,3.78998,24.863,24.863,0,0,,152.811,628.113,132.264,68.55,64.35,19.5589,41.0924,0.499007,7.48876,150.045,8.83706,2.42019,3.65139,1.15195,0.238881,0.065422,0.17345928400754929,0.228226,1.13445,0.274938,0.717981,,,3.78902,2.7347,2.66918,136.3800048828125,,,,,,,699,4.568627450980392,661,4.3202614379084965,,,,,,,,,,,,,,,,,,,"Nathan Eovaldi","9132",543135
"Braxton Ashcraft","PIT",7.31132,8.76287,2.85689,3.80314,37.305,22.454,0,0.6566,,134.084,561.804,125.095,60.72,56.66,12.9954,40.286,1.40048,4.32862,124.976,8.38864,2.70408,3.10221,0.87228,0.222454,0.0717083,0.15074598789215088,0.241875,1.23341,0.295607,0.711073,,,3.52916,2.68631,2.11008,245.91000366210938,,,,,,,628.6999999999999,4.691791044776119,623,4.649253731343284,,,,,,,,,,,,,,,,,,,"Braxton Ashcraft","23793",677952
"Jack Flaherty","DET",9.5765,9.61264,11.5044,4.06983,27.686,27.686,0,0,,156.655,656.344,139.122,75.86,70.84,23.2688,49.4243,0.487851,6.28634,170.162,9.77601,2.83948,3.44288,1.33682,0.259258,0.0753025,0.1839551329612732,0.231625,1.20358,0.284509,0.722487,,,3.96053,2.67323,2.18958,211.94000244140625,,,,,,,692.5000000000001,4.4108280254777075,661,4.210191082802548,,,,,,,,,,,,,,,,,,,"Jack Flaherty","17479",656427
"Michael King","SDP",9.94735,9.06525,11.4832,3.96001,27.33,27.33,0,0,,155.795,657.91,135.869,73.53,68.55,19.8361,57.3147,0.658638,8.46268,155.785,8.99944,3.31097,2.71807,1.1459,0.236788,0.0871164,0.14967180788516998,0.229458,1.23999,0.278584,0.723363,,,4.05706,2.65802,2.33395,127.94999694824219,,,,,,,671.8000000000001,4.306410256410257,637,4.083333333333333,,,,,,,,,,,,,,,,,,,"Michael King","19853",650633
"Kris Bubic","KCR",8.43505,8.81242,6.15852,3.81144,29.762,23.7,0,0.663,,137.452,574.722,123.592,62.52,58.21,15.9872,41.5636,1.23458,6.58717,134.294,8.79319,2.72148,3.23104,1.0468,0.233667,0.0723195,0.16134756058454514,0.234711,1.20155,0.285963,0.718871,,,3.74407,2.63032,2.19179,193.47000122070312,,,,,,,619.6000000000003,4.522627737226279,602,4.394160583941606,,,,,,,,,,,,,,,,,,,"Kris Bubic","21455",663460
"Tanner Bibee","CLE",9.5474,10.9768,14.1396,4.34018,28.619,28.619,0,0,,174.062,740.128,168.093,90.04,83.94,23.637,54.9582,0.527632,7.95366,154.36,7.9813,2.84165,2.80868,1.22217,0.208559,0.0742549,0.13430362194776535,0.248212,1.28145,0.289364,0.700208,,,4.21117,2.61441,1.83578,187.69000244140625,,,,,,,674.6000000000001,3.877011494252874,677,3.8908045977011496,,,,,,,,,,,,,,,,,,,"Tanner Bibee","30134",676440
"Bubba Chandler","PIT",8.54531,9.8364,6.39234,4.08706,31.427,25.124,0,0.6566,,143.355,606.354,130.255,69.54,65.1,18.2601,47.759,1.04935,6.71662,143.352,8.99979,2.99837,3.00157,1.14639,0.236416,0.0787641,0.1576516255736351,0.23602,1.24177,0.286969,0.711538,,,3.9311,2.59065,1.84813,152.02000427246094,,,,,,,623.8000000000001,4.362237762237763,606,4.2377622377622375,,,,,,,,,,,,,,,,,,,"Bubba Chandler","29868",696149
"Matthew Boyd","CHC",9.84082,9.0329,12.4316,4.28981,26.644,26.644,0,0,,157.937,664.835,150.872,80.69,75.28,23.1518,41.7937,0.430337,8.07138,142.399,8.11456,2.3816,3.40719,1.3193,0.214187,0.0628632,0.15132346749305725,0.245332,1.21989,0.284189,0.698742,,,4.18474,2.55855,1.74015,215.77000427246094,,,,,,,627.7,3.9727848101265826,625,3.9556962025316458,,,,,,,,,,,,,,,,,,,"Matthew Boyd","15440",571510
"David Peterson","NYM",10.4145,8.92938,12.1197,4.01991,27.549,27.549,0,0,,160.011,680.579,153.434,76.64,71.47,16.4211,56.6094,0.529612,5.77063,137.383,7.72729,3.18406,2.42687,0.923624,0.201863,0.0831784,0.11868438869714737,0.248195,1.31268,0.295036,0.713182,,,3.92163,2.54722,2.27852,490.3500061035156,,,,,,,674.4000000000001,4.215000000000001,677,4.23125,,,,,,,,,,,,,,,,,,,"David Peterson","20302",656849
"Brandon Woodruff","MIL",8.68235,8.79812,11.0057,4.18012,24.934,24.934,0,0,,144.491,603.157,130.879,71.72,67.11,22.398,40.4071,0.429417,5.26318,145.155,9.04137,2.51686,3.59232,1.39512,0.240659,0.0669926,0.1736663281917572,0.234766,1.18544,0.278203,0.711548,,,4.08935,2.49253,1.7717,135.9499969482422,,,,,,,609.4000000000001,4.231944444444445,589,4.090277777777778,,,,,,,,,,,,,,,,,,,"Brandon Woodruff","16162",605540
"Edward Cabrera","CHC",9.04643,7.54559,9.33007,3.77986,24.278,24.278,0,0,,133.886,557.37,110.364,60.02,56.23,14.5882,50.3297,0.35335,6.75204,141.455,9.50878,3.38323,2.81056,0.98064,0.25379,0.0902987,0.16349118947982788,0.2206,1.20023,0.278219,0.717712,,,3.71759,2.49178,2.38237,175.1300048828125,,,,,,,632.0999999999999,4.7171641791044765,586,4.373134328358209,,,,,,,,,,,,,,,,,,,"Edward Cabrera","21690",665795
"Spencer Strider","ATL",9.38958,9.15537,12.2616,4.38982,26.211,26.211,0,0,,155.2,662.611,141.243,80.71,75.7,21.1296,58.196,0.529879,7.33889,164.146,9.51879,3.37477,2.82058,1.2253,0.247727,0.0878283,0.15989823639392853,0.236557,1.28504,0.291678,0.698991,,,4.05651,2.4681,1.55203,107.79000091552734,,,,,,,655.1,4.226451612903226,635,4.096774193548387,,,,,,,,,,,,,,,,,,,"Spencer Strider","27498",675911
"Jacob Misiorowski","MIL",9.03108,9.44969,6.29702,3.86045,30.293,25.365,0,0.621,,138.901,589.348,109.746,63.58,59.58,17.5653,64.089,0.891524,8.04227,166.62,10.796,4.15261,2.59982,1.13813,0.282719,0.108746,0.17397353798151016,0.212186,1.2515,0.276793,0.738759,,,3.93788,2.42802,2.22818,118.5999984741211,,,,,,,643.2000000000002,4.627338129496404,583,4.194244604316546,,,,,,,,,,,,,,,,,,,"Jacob Misiorowski","31623",694819
"Reynaldo López","ATL",7.69946,8.59421,5.93852,4.27753,28.497,22.783,0,0.6492,,130.449,554.975,119.361,66,62,15.0887,49.2177,0.833169,3.76708,132.466,9.13917,3.39565,2.69144,1.041,0.238689,0.0886845,0.15000414103269577,0.237776,1.2923,0.294194,0.695664,,,3.8264,2.36004,1.44312,289.79998779296875,,,,,,,577.1,4.439230769230769,564,4.338461538461538,,,,,,,,,,,,,,,,,,,"Reynaldo Lopez","16400",625643
"Drew Rasmussen","TBR",8.73836,10.3318,10.4229,4.23977,28.226,28.226,0,0,,151.395,635.854,145.303,76.41,71.32,21.2165,42.7574,0.517564,4.87396,133.543,7.93876,2.5418,3.12328,1.26126,0.210022,0.0672439,0.142777681350708,0.24702,1.24218,0.286267,0.705054,,,4.13664,2.34555,1.80666,136.58999633789062,,,,,,,606.1000000000001,4.013907284768213,606,4.013245033112582,,,,,,,,,,,,,,,,,,,"Drew Rasmussen","25385",656876
"Cody Ponce","TOR",7.11722,7.7971,2.86878,4.02795,35.05,21.3,0,0.6481,,135.471,570.267,118.616,64.91,60.63,19.5052,46.2567,1.5683,6.4986,157.814,10.4844,3.07306,3.4117,1.29582,0.276737,0.081114,0.19562268257141113,0.229204,1.21703,0.291337,0.726655,,,3.84529,2.3346,1.75959,258.45001220703125,,,,,,,607.6,4.500740740740741,579,4.288888888888889,,,,,,,,,,,,,,,,,,,"Cody Ponce","17920",664074
"Gavin Williams","CLE",9.19471,10.6632,12.2138,4.18973,28.475,28.475,0,0,,162.891,698.263,144.794,81.02,75.83,20.2011,72.2202,0.432567,5.54533,164.525,9.09029,3.99028,2.2781,1.11615,0.235621,0.103428,0.13219228386878967,0.233352,1.33227,0.285914,0.720566,,,4.15951,2.33334,2.05677,143.25,,,,,,,679.2,4.166871165644172,651,3.9938650306748467,,,,,,,,,,,,,,,,,,,"Gavin Williams","30122",668909
"José Soriano","LAA",10.3277,10.4304,12.4485,3.78981,29.709,29.709,0,0,,169.845,726.755,159.35,76.6,71.52,14.2316,71.7446,0.605085,8.16745,138.491,7.33857,3.80171,1.93034,0.754126,0.190561,0.098719,0.09184186160564423,0.24635,1.36062,0.293689,0.731611,,,4.00513,2.32533,2.92848,330.739990234375,,,,,,,708.4,4.167058823529412,704,4.141176470588236,,,,,,,,,,,,,,,,,,,"Jose Soriano","22100",667755
"Cade Horton","CHC",8.2604,7.51924,9.07533,4.06027,23.089,23.089,0,0,,127.632,537.005,119.444,61.69,57.58,14.7061,40.2082,0.364476,3.75748,112.897,7.96096,2.83529,2.80781,1.03701,0.210234,0.0748749,0.1353594735264778,0.242261,1.25088,0.286611,0.704443,,,3.89735,2.31911,1.78115,183.3800048828125,,,,,,,547.3000000000001,4.2757812500000005,539,4.2109375,,,,,,,,,,,,,,,,,,,"Cade Horton","31872",690990
"Mitch Keller","PIT",9.53857,11.4127,14.1476,4.74021,29.67,29.67,0,0,,175.834,757.929,179.516,99.01,92.61,24.0058,55.7277,0.457849,8.43907,148.197,7.58541,2.8524,2.65931,1.22873,0.195529,0.0735262,0.12200255692005157,0.258757,1.33787,0.298164,0.675643,,,4.3191,2.31122,1.06904,544.239990234375,,,,,,,643.2,3.6545454545454548,672,3.8181818181818183,,,,,,,,,,,,,,,,,,,"Mitch Keller","17594",656605
"Merrill Kelly","ARI",9.40534,9.42389,12.5841,4.35006,26.492,26.492,0,0,,158.129,666.823,152.254,81.53,76.43,21.6516,47.7496,0.497397,3.52704,138.655,7.89165,2.71769,2.9038,1.23231,0.207934,0.0716076,0.13632677495479584,0.247347,1.26481,0.286887,0.69817,,,4.13425,2.31041,1.6392,275.7099914550781,,,,,,,625.4000000000001,3.9582278481012665,626,3.962025316455696,,,,,,,,,,,,,,,,,,,"Merrill Kelly","11156",518876
"Chad Patrick","MIL",8.48049,9.0668,9.78921,4.16985,25.866,25.866,0,0,,140.379,589.721,126.926,69.52,65.04,20.9241,43.1485,0.468385,5.71165,131.58,8.43587,2.76634,3.04947,1.34149,0.223122,0.0731677,0.1499546840786934,0.234673,1.21154,0.272949,0.714262,,,4.24238,2.30386,1.72248,296.3699951171875,,,,,,,564.5,4.0321428571428575,544,3.8857142857142857,,,,,,,,,,,,,,,,,,,"Chad Patrick","30113",694477
"Sean Manaea","NYM",7.3264,8.47404,3.03361,4.16986,35.657,22.066,0,0.7173,,132.76,557.822,117.472,65.8,61.51,20.6535,39.5683,1.50538,8.85559,148.296,10.0532,2.6824,3.74784,1.40013,0.265847,0.0709335,0.19491373002529144,0.230608,1.18289,0.284383,0.712116,,,4.01776,2.29935,1.53745,312.2099914550781,,,,,,,574.7,4.321052631578948,545,4.097744360902255,,,,,,,,,,,,,,,,,,,"Sean Manaea","15873",640455
"Zac Gallen","ARI",10.3894,10.452,14.2794,4.41016,29.139,29.139,0,0,,176.259,751.491,168.895,91.98,86.37,23.2627,61.1894,0.617642,5.04296,154.388,7.88323,3.1244,2.52311,1.18782,0.205442,0.0814239,0.12401799857616425,0.246469,1.30538,0.286899,0.699204,,,4.22635,2.29111,1.75978,223.3000030517578,,,,,,,690.1,3.9210227272727276,691,3.9261363636363638,,,,,,,,,,,,,,,,,,,"Zac Gallen","19291",668678
"Trey Yesavage","TOR",8.31857,7.78982,4.83387,3.73236,30.123,22.651,0,0.6481,,126.089,522.791,100.953,55.79,52.29,17.082,46.4556,0.877776,5.20253,144.326,10.3017,3.31592,3.10675,1.21928,0.276068,0.0888607,0.18720752745866776,0.214276,1.16908,0.27079,0.741887,,,3.83613,2.2886,2.20802,170.82000732421875,,,,,,,599.7,4.7595238095238095,548,4.349206349206349,,,,,,,,,,,,,,,,,,,"Trey Yesavage","35456",702056
"Kyle Bradish","BAL",8.84842,7.79319,9.73734,3.99988,24.194,24.194,0,0,,135.274,571.539,120.481,64.26,60.12,17.5519,47.7454,0.407755,7.48589,141.802,9.43432,3.17658,2.96996,1.16775,0.248106,0.0835384,0.16456736624240875,0.233352,1.2436,0.288355,0.72373,,,3.95025,2.27884,2.02367,73.38999938964844,,,,,,,584.6,4.33037037037037,560,4.148148148148148,,,,,,,,,,,,,,,,,,,"Kyle Bradish","24586",680694
"Luis Castillo","SEA",10.2254,10.1174,14.0031,4.49979,28.471,28.471,0,0,,172.168,728.649,163.98,92.17,86.08,27.2465,51.5799,0.643406,7.70441,152.414,7.96736,2.69632,2.9549,1.4243,0.209173,0.0707885,0.13838472217321396,0.244979,1.25203,0.279217,0.695489,,,4.45495,2.26195,1.51125,171.5399932861328,,,,,,,638.2999999999998,3.711046511627906,633,3.6802325581395348,,,,,,,,,,,,,,,,,,,"Luis Castillo","15689",622491
"Robbie Ray","SFG",9.7308,10.539,13.4145,4.32012,28.581,28.581,0,0,,169.766,718.699,148.96,87.57,81.49,27.2023,65.3745,0.484464,4.58695,173.736,9.21049,3.46577,2.65756,1.44211,0.241737,0.0909623,0.1507750302553177,0.229615,1.26253,0.271902,0.719226,,,4.40772,2.25351,1.78658,169.05999755859375,,,,,,,676.5000000000001,3.979411764705883,637,3.7470588235294118,,,,,,,,,,,,,,,,,,,"Robbie Ray","11486",592662
"Ryne Nelson","ARI",9.40663,10.5397,8.91602,4.30788,31.866,27.227,0,0.6469,,157.546,663.243,149.891,80.41,75.41,22.7189,44.3182,1.14984,4.33947,132.89,7.5915,2.53173,2.99854,1.29785,0.200364,0.0668205,0.13354354351758957,0.243889,1.23271,0.277077,0.700722,,,4.24934,2.2499,1.78531,258.7200012207031,,,,,,,622.3000000000001,3.9386075949367094,617,3.9050632911392404,,,,,,,,,,,,,,,,,,,"Ryne Nelson","26253",669194
"Landen Roupp","SFG",7.28756,8.78788,5.26154,3.96454,26.787,22.599,0,0.6513,,120.589,515.971,112.813,57,53.12,10.9196,48.6809,0.830796,3.47348,112.651,8.40753,3.63324,2.31406,0.814969,0.218328,0.0943483,0.12397926300764084,0.243229,1.33921,0.299471,0.714702,,,3.74147,2.23538,1.81017,695.3300170898438,,,,,,,540.3000000000002,4.465289256198349,536,4.429752066115703,,,,,,,,,,,,,,,,,,,"Landen Roupp","30076",694738
"Matthew Liberatore","STL",8.03011,10.7884,10.9458,4.52016,27.517,27.517,0,0,,151.143,642.959,153.256,81.05,75.91,19.8602,41.3664,0.421694,5.52379,120.602,7.18139,2.46322,2.91545,1.1826,0.187573,0.0643376,0.12323573976755142,0.257111,1.28767,0.292787,0.680815,,,4.17818,2.23097,1.30265,507.19000244140625,,,,,,,574.6000000000001,3.805298013245034,596,3.947019867549669,,,,,,,,,,,,,,,,,,,"Matthew Liberatore","22294",669461
"Zebby Matthews","MIN",6.39672,8.8725,2.88569,4.12934,30.478,21.315,0,0.6406,,121.77,509.452,117.383,59.86,55.87,17.7262,30.2547,1.20993,2.70764,119.91,8.86252,2.23612,3.96335,1.31014,0.23537,0.0593867,0.1759837195277214,0.24635,1.21243,0.2941,0.71468,,,3.87019,2.19913,1.50739,346.5799865722656,,,,,,,522.2000000000003,4.280327868852461,521,4.270491803278689,,,,,,,,,,,,,,,,,,,"Zebby Matthews","31827",805673
"Carlos Rodón","NYY",9.19617,7.4992,10.8827,4.07988,23.51,23.51,0,0,,139.526,585.223,118.932,67.55,63.25,19.4528,50.8627,0.372117,6.12054,145.891,9.41054,3.28086,2.86832,1.25479,0.249291,0.0869118,0.16237889975309372,0.225149,1.21694,0.274127,0.717202,,,4.08159,2.19456,1.92875,199.25,,,,,,,613.9,4.385,574,4.1,,,,,,,,,,,,,,,,,,,"Carlos Rodon","16137",607074
"Andrew Abbott","CIN",8.97434,10.5953,13.101,4.64986,27.716,27.716,0,0,,163.921,696.834,162.585,90.28,84.69,27.3626,47.894,0.530659,3.23074,146.485,8.04268,2.62959,3.05852,1.50233,0.210215,0.0687308,0.14148396998643875,0.251792,1.28402,0.286571,0.698135,,,4.45357,2.19205,1.21556,219.4499969482422,,,,,,,596.7,3.6384146341463417,608,3.707317073170732,,,,,,,,,,,,,,,,,,,"Andrew Abbott","29911",671096
"Grayson Rodriguez","LAA",7.00967,7.72349,8.77886,4.02001,21.231,21.231,0,0,,120.022,504.158,109.375,57.37,53.61,16.0093,37.909,0.357961,4.59101,124.188,9.3124,2.84266,3.27595,1.20048,0.246328,0.0751928,0.17113494873046875,0.236918,1.22714,0.290442,0.720056,,,3.86205,2.16174,1.78724,294.1099853515625,,,,,,,526.8000000000001,4.390000000000001,511,4.258333333333334,,,,,,,,,,,,,,,,,,,"Grayson Rodriguez","24492",680570
"Tyler Glasnow","LAD",9.16621,6.40485,9.71144,4.18971,22.384,22.384,0,0,,128.694,544.813,113.024,63.86,59.91,16.3437,51.9766,0.335979,3.02684,139.142,9.73064,3.63489,2.67701,1.14297,0.255393,0.0954025,0.1599908545613289,0.230751,1.28212,0.289181,0.711659,,,3.90591,2.1529,1.63847,118.3499984741211,,,,,,,577,4.4728682170542635,550,4.263565891472868,,,,,,,,,,,,,,,,,,,"Tyler Glasnow","14374",607192
"Brandon Pfaadt","ARI",9.31275,10.3529,13.0066,4.6401,27.959,27.959,0,0,,164.169,699.593,170.157,90.35,84.64,24.1965,40.979,0.765698,7.12261,133.367,7.3114,2.24654,3.25452,1.32649,0.190636,0.0585756,0.1320599913597107,0.261181,1.28609,0.295511,0.681403,,,4.30542,2.1361,1.21556,642.5499877929688,,,,,,,598.4000000000001,3.6487804878048786,630,3.841463414634146,,,,,,,,,,,,,,,,,,,"Brandon Pfaadt","27782",694297
"Trevor Rogers","BAL",9.29411,8.40597,11.1614,4.20988,25.283,25.283,0,0,,146.42,611.881,135.892,73.3,68.49,22.1946,41.8174,0.61457,3.92997,133.509,8.20641,2.57039,3.19267,1.36424,0.218195,0.0683423,0.14985233545303345,0.240035,1.2137,0.277021,0.712027,,,4.21937,2.1278,1.7963,149.63999938964844,,,,,,,586.2,4.015068493150685,574,3.9315068493150687,,,,,,,,,,,,,,,,,,,"Trevor Rogers","22286",669432
"Cam Schlittler","NYY",8.70285,7.44112,9.50583,4.04967,23.475,23.475,0,0,,131.433,555.153,115.422,63.04,59.14,16.6813,49.0616,0.36006,5.70145,132.181,9.05119,3.35954,2.69417,1.14227,0.238097,0.0883749,0.14972247183322906,0.230663,1.25146,0.280889,0.718796,,,4.02369,2.12759,1.87008,122.86000061035156,,,,,,,560.3000000000001,4.277099236641222,533,4.068702290076335,,,,,,,,,,,,,,,,,,,"Cam Schlittler","32095",693645
"Sandy Alcantara","MIA",9.20382,11.2724,14.8465,4.57009,28.297,28.297,0,0,,176.294,752.049,175.375,96.02,89.52,23.1632,54.7119,0.510749,8.10719,135.35,6.90974,2.7931,2.47386,1.18251,0.179974,0.0727504,0.10722391307353973,0.25445,1.30513,0.286803,0.678275,,,4.3767,2.09519,1.36311,145.69000244140625,,,,,,,645.5,3.6676136363636362,662,3.7613636363636362,,,,,,,,,,,,,,,,,,,"Sandy Alcantara","18684",645261
"Braxton Garrett","MIA",6.1016,8.44473,4.45846,4.109,26.637,20.294,0,0.6387,,115.583,485.08,114.464,56.83,52.77,14.4215,27.8183,1.0183,5.1765,104.513,8.13806,2.1661,3.75701,1.12295,0.215456,0.0573478,0.1581084206700325,0.253192,1.231,0.300294,0.699901,,,3.8051,2.02296,1.45403,525.3099975585938,,,,,,,504.80000000000007,4.351724137931035,513,4.422413793103448,,,,,,,,,,,,,,,,,,,"Braxton Garrett","21844",666129
"Grant Holmes","ATL",6.9131,8.41417,4.29649,4.24783,30.857,21.919,0,0.6492,,130.535,558.318,122.165,65.9,61.61,17.1576,47.8013,1.51957,5.82631,139.763,9.63627,3.29576,2.92384,1.18297,0.25033,0.0856167,0.16471301764249802,0.242059,1.30207,0.301946,0.713048,,,3.93496,2.01157,1.46152,411.82000732421875,,,,,,,565.1000000000001,4.3137404580152685,556,4.244274809160306,,,,,,,,,,,,,,,,,,,"Grant Holmes","16944",656550
"Dustin May","STL",7.85475,10.3368,8.0549,4.43502,28.612,23.942,0,0.6663,,141.767,610.897,134.777,74.61,69.86,14.7361,52.9737,1.09235,10.6924,122.546,7.77978,3.363,2.31334,0.935516,0.200601,0.0867145,0.11388596892356873,0.246289,1.32436,0.292819,0.677002,,,4.10486,2.0095,1.28479,476.6499938964844,,,,,,,573.3,4.0373239436619714,573,4.035211267605634,,,,,,,,,,,,,,,,,,,"Dustin May","19716",669160
"Jack Leiter","TEX",9.47431,10.5751,11.905,4.41989,29.228,29.228,0,0,,162.574,693.448,144.527,85.07,79.84,23.7119,64.8778,0.472452,7.38191,155.462,8.60631,3.5916,2.39623,1.31268,0.224187,0.0935582,0.1306292489171028,0.232662,1.28806,0.273329,0.705614,,,4.45213,2.00738,1.65011,231.91000366210938,,,,,,,628,3.852760736196319,597,3.6625766871165646,,,,,,,,,,,,,,,,,,,"Jack Leiter","30146",683004
"Shane McClanahan","TBR",6.86242,6.91055,8.786,4.02001,19.484,19.484,0,0,,114.425,477.817,106.575,55.01,51.11,16.1251,33.0141,0.42542,2.68145,117.943,9.27668,2.5967,3.57249,1.2683,0.246837,0.0690937,0.17774292081594467,0.241053,1.21992,0.293617,0.722812,,,3.84152,2.00405,1.60922,194.60000610351562,,,,,,,496.59999999999997,4.356140350877193,490,4.298245614035087,,,,,,,,,,,,,,,,,,,"Shane McClanahan","21483",663556
"Aaron Nola","PHI",9.93928,9.45329,13.2194,4.48009,27.212,27.212,0,0,,163.664,688.316,154.12,87.19,81.47,28.1136,47.3144,0.428797,6.13275,151.432,8.32738,2.60185,3.20056,1.54599,0.220004,0.0687394,0.15126485377550125,0.242758,1.23078,0.27674,0.704884,,,4.4974,1.99899,1.51254,209.4499969482422,,,,,,,611.8000000000002,3.73048780487805,599,3.652439024390244,,,,,,,,,,,,,,,,,,,"Aaron Nola","16149",605400
"Noah Cameron","KCR",8.55101,9.10815,11.3612,4.45024,25.2,25.2,0,0,,146.5,623.33,144.467,77.66,72.44,21.6475,44.5295,0.484326,4.13563,126.633,7.77947,2.7356,2.84379,1.32988,0.203155,0.0714381,0.1317167803645134,0.251393,1.29008,0.288048,0.701597,,,4.32386,1.98685,1.29168,281.92999267578125,,,,,,,542.4000000000001,3.7150684931506857,551,3.7739726027397262,,,,,,,,,,,,,,,,,,,"Noah Cameron","30184",702070
"Cade Cavalli","WSN",6.96668,9.72825,9.97848,4.30027,24.104,24.104,0,0,,135.41,580.163,133.318,69.23,64.7,14.6567,45.6661,0.453037,7.47688,107.461,7.14239,3.03519,2.3532,0.974157,0.185226,0.0787125,0.10651344805955887,0.252965,1.32179,0.293061,0.692609,,,4.13243,1.97794,1.50799,317.80999755859375,,,,,,,523.7,3.8792592592592596,535,3.962962962962963,,,,,,,,,,,,,,,,,,,"Cade Cavalli","27473",676917
"Shane Smith","CHW",8.55958,10.7727,11.618,4.39973,28.003,28.003,0,0,,157.08,670.798,147.313,82.13,76.79,21.512,55.4211,0.496405,9.12317,144.616,8.28586,3.17539,2.6094,1.23255,0.215588,0.0826197,0.13296844065189362,0.242989,1.29064,0.285829,0.698679,,,4.30688,1.9729,1.57641,246.5800018310547,,,,,,,607,3.8662420382165603,597,3.8025477707006368,,,,,,,,,,,,,,,,,,,"Shane Smith","31687",681343
"Ryan Pepiot","TBR",9.42693,11.0271,12.3888,4.37019,29.586,29.586,0,0,,166.75,706.131,146.49,86.63,80.97,27.0499,63.706,0.455358,6.29071,160.148,8.64369,3.4384,2.51387,1.45997,0.226797,0.0902184,0.13657860457897186,0.230282,1.26055,0.266053,0.717048,,,4.58247,1.97222,1.69922,125.31999969482422,,,,,,,634.0999999999999,3.7970059880239515,594,3.55688622754491,,,,,,,,,,,,,,,,,,,"Ryan Pepiot","26221",686752
"Chris Bassitt","BAL",10.6321,10.9841,10.8874,4.55194,31.278,28.32,0,0.6611,,164.976,713.001,162.939,89.11,83.44,21.7546,56.235,0.842674,14.0884,144.474,7.88156,3.06781,2.56912,1.18679,0.202629,0.0788709,0.12375760823488235,0.253532,1.32852,0.296328,0.6892,,,4.37672,1.96332,1.34001,362.5199890136719,,,,,,,608.6000000000001,3.6884848484848494,621,3.7636363636363637,,,,,,,,,,,,,,,,,,,"Chris Bassitt","12304",605135
"Parker Messick","CLE",7.41167,8.6894,7.73811,4.10602,21.923,21.638,0,0,,116.105,490.693,110.214,56.65,52.97,14.9569,34.8411,0.369971,5.50416,108.428,8.40491,2.70074,3.11207,1.1594,0.220969,0.0710037,0.14996518939733505,0.24473,1.24934,0.291337,0.71228,,,3.98453,1.95618,1.53002,306.92999267578125,,,,,,,480.9000000000001,4.145689655172415,478,4.120689655172414,,,,,,,,,,,,,,,,,,,"Parker Messick","31986",800048
"Reid Detmers","LAA",6.87173,9.93814,5.63295,4.40575,30.396,23.058,0,0.6082,,135.212,577.579,124.575,70.9,66.19,20.4433,48.751,1.36554,6.63584,149.478,9.9496,3.24497,3.06616,1.36075,0.258801,0.0844057,0.17439579218626022,0.238561,1.28188,0.2956,0.707823,,,4.11853,1.94947,1.22815,330.8599853515625,,,,,,,562,4.162962962962963,549,4.066666666666666,,,,,,,,,,,,,,,,,,,"Reid Detmers","27468",672282
"Michael McGreevy","STL",7.76404,9.93765,7.6825,4.30675,27.787,23.459,0,0.6663,,136.941,579.492,143.338,69.96,65.53,16.4394,33.8942,0.826145,2.93657,94.1264,6.18615,2.22758,2.77707,1.08042,0.162429,0.0584894,0.10393960028886795,0.264139,1.29423,0.293682,0.695593,,,4.12791,1.94254,1.47544,712.5800170898438,,,,,,,526.2000000000003,3.840875912408761,558,4.072992700729927,,,,,,,,,,,,,,,,,,,"Michael McGreevy","29869",700241
"Clay Holmes","NYM",10.4554,9.50469,9.09855,4.02108,27.823,26.699,0,0,,144.006,615.261,137.615,69.03,64.34,14.2525,53.0727,0.492299,8.21406,113.425,7.08875,3.31691,2.13716,0.890742,0.184352,0.0862604,0.09809166193008423,0.248414,1.32417,0.289382,0.712556,,,4.12324,1.91217,2.07102,354.239990234375,,,,,,,577.6000000000001,4.011111111111112,581,4.034722222222222,,,,,,,,,,,,,,,,,,,"Clay Holmes","13649",605280
"Joe Musgrove","SDP",7.80357,7.44009,9.58508,4.1699,21.757,21.757,0,0,,126.003,528.713,117.091,62.36,58.38,18.1773,33.8829,0.496689,7.63399,116.333,8.3093,2.42015,3.43339,1.29835,0.220031,0.0640856,0.1559450477361679,0.240336,1.19818,0.280458,0.705943,,,4.15249,1.90436,1.65306,278.6000061035156,,,,,,,512.8000000000002,4.069841269841271,502,3.984126984126984,,,,,,,,,,,,,,,,,,,"Joe Musgrove","12970",605397
"Foster Griffin","WSN",6.12968,9.69916,5.81552,4.27077,27.544,21.701,0,0.6452,,126.462,540.073,119.962,64.43,60.01,15.8664,44.2782,1.01984,6.00618,118.97,8.46685,3.15118,2.68688,1.12917,0.220286,0.0819856,0.13830021023750305,0.244927,1.29874,0.293268,0.702755,,,4.07752,1.89254,1.3829,999,,,,,,,515.6000000000001,4.0920634920634935,514,4.079365079365079,,,,,,,,,,,,,,,,,,,"Foster Griffin","16432",656492
"Quinn Priester","MIL",7.64595,7.56872,9.46672,4.11015,21.738,21.738,0,0,,125.426,529.501,122.21,61.17,57.28,14.1907,37.9245,0.347083,4.66045,100.851,7.23659,2.72129,2.65925,1.01826,0.190464,0.0716231,0.11884049326181412,0.250988,1.27673,0.290473,0.705541,,,4.01639,1.88114,1.69244,490.8500061035156,,,,,,,508.59999999999997,4.0687999999999995,516,4.128,,,,,,,,,,,,,,,,,,,"Quinn Priester","25977",682990
"Joey Cantillo","CLE",5.16095,8.77824,1.14518,4.25252,39.724,19.49,0,0.679,,127.555,548.455,116.469,64.67,60.27,16.1978,53.4789,1.82959,4.1327,135.806,9.5822,3.77335,2.53944,1.14288,0.247616,0.0975083,0.15010805428028107,0.237283,1.33235,0.295925,0.714858,,,4.01157,1.88013,1.2409,273.510009765625,,,,,,,553.8000000000001,4.3265625000000005,537,4.1953125,,,,,,,,,,,,,,,,,,,"Joey Cantillo","23335",676282
"Ryan Weathers","NYY",7.1739,7.66142,2.82996,4.05326,30.916,21.232,0,0.691,,122.679,516.116,112.36,59.16,55.25,16.4769,38.5359,1.48102,5.64225,119.298,8.75193,2.82708,3.09575,1.20878,0.231145,0.0746652,0.1564793437719345,0.238083,1.23001,0.285228,0.717651,,,4.01662,1.87581,1.66401,231.52999877929688,,,,,,,529.2,4.302439024390244,514,4.178861788617886,,,,,,,,,,,,,,,,,,,"Ryan Weathers","23796",677960
"Shota Imanaga","CHC",9.78834,8.44951,12.1715,4.13975,25.523,25.523,0,0,,153.357,627.387,135.762,75.68,70.54,29.2343,32.5248,0.383525,5.07657,134.166,7.87372,1.90877,4.12502,1.71566,0.213848,0.0518417,0.16200650110840797,0.230189,1.09735,0.249839,0.727134,,,4.59917,1.86479,1.93374,162.52999877929688,,,,,,,575.9,3.7640522875816993,542,3.542483660130719,,,,,,,,,,,,,,,,,,,"Shota Imanaga","33829",684007
"Nick Lodolo","CIN",8.20845,10.2721,11.6868,4.72013,26.626,26.626,0,0,,151.947,649.365,145.807,85.43,79.69,27.2203,39.4571,0.49576,17.9783,163.26,9.6701,2.33709,4.13766,1.61229,0.251415,0.0607626,0.19065266847610474,0.246325,1.21927,0.295397,0.678425,,,4.44908,1.86234,0.970917,122.41999816894531,,,,,,,568.0999999999999,3.7374999999999994,564,3.710526315789474,,,,,,,,,,,,,,,,,,,"Nick Lodolo","26378",666157
"Tatsuya Imai","HOU",8.84872,9.12762,11.4939,4.3403,25.631,25.631,0,0,,149.029,638.862,131.325,76.81,71.87,20.7612,62.9587,0.441814,8.92389,151.44,9.14558,3.80213,2.40538,1.25379,0.237046,0.0985481,0.13849768787622452,0.231622,1.30366,0.280065,0.711023,,,4.36083,1.86049,1.57891,999,,,,,,,589.7000000000002,3.95771812080537,558,3.7449664429530203,,,,,,,,,,,,,,,,,,,"Tatsuya Imai","sa3062955",837227
"Casey Mize","DET",8.50058,9.47452,10.3213,4.29004,26.359,26.359,0,0,,144.649,608.429,138.6,74.32,68.95,21.232,40.2014,0.474491,5.31529,117.965,7.33974,2.50132,2.93435,1.32105,0.193885,0.0660742,0.12781067937612534,0.246219,1.2361,0.276997,0.700857,,,4.35627,1.82502,1.63097,280.5799865722656,,,,,,,554.3000000000001,3.8227586206896556,553,3.8137931034482757,,,,,,,,,,,,,,,,,,,"Casey Mize","20492",663554
"Will Warren","NYY",7.32408,7.66024,2.7703,4.03226,34.288,21.079,0,0.691,,123.117,521.061,110.713,58.93,55.16,15.4978,44.7741,1.28433,4.82557,121.526,8.8837,3.27304,2.71421,1.13291,0.233228,0.0859286,0.14729927480220795,0.23483,1.26292,0.284703,0.721706,,,4.00601,1.82367,1.63529,307.8900146484375,,,,,,,535.1,4.350406504065041,518,4.211382113821138,,,,,,,,,,,,,,,,,,,"Will Warren","30182",701542
"Max Meyer","MIA",7.04661,9.16163,6.03943,4.10986,26.861,22.25,0,0.6387,,125.413,528.666,119.115,61.48,57.27,16.3228,39.8759,0.893157,3.574,113.956,8.17784,2.86161,2.85778,1.17137,0.215554,0.0754273,0.14012711495161057,0.245487,1.26773,0.289605,0.716259,,,4.04918,1.81306,1.6379,311.94000244140625,,,,,,,518.8000000000001,4.1504,517,4.136,,,,,,,,,,,,,,,,,,,"Max Meyer","27474",676974
"Jameson Taillon","CHC",9.45201,8.93884,11.9636,4.35982,26.115,26.115,0,0,,153.254,638.71,145.001,79.32,74.24,25.2667,39.3243,0.395627,2.90117,117.918,6.92486,2.30936,2.9986,1.48382,0.184619,0.0615684,0.12305080518126488,0.243093,1.20275,0.26414,0.704962,,,4.56615,1.81246,1.62811,454.92999267578125,,,,,,,557.7,3.6450980392156866,550,3.5947712418300655,,,,,,,,,,,,,,,,,,,"Jameson Taillon","11674",592791
"Shane Baz","BAL",9.60708,9.35808,11.6197,4.37982,27.444,27.444,0,0,,155.39,657.991,136.632,80.55,75.62,25.2337,57.2557,0.411564,8.10702,147.497,8.54285,3.31618,2.57611,1.46151,0.224163,0.0870159,0.13714680075645447,0.230553,1.24775,0.265299,0.714791,,,4.6097,1.80952,1.55192,191.0500030517578,,,,,,,582.3,3.7567741935483867,549,3.541935483870968,,,,,,,,,,,,,,,,,,,"Shane Baz","22264",669358
"Adrian Houser","SFG",7.85997,9.31552,10.5384,4.46013,24.81,24.81,0,0,,140.404,608.878,147.328,74.85,69.58,14.9256,49.936,0.421507,4.63377,99.2989,6.36513,3.20094,1.98852,0.956745,0.163085,0.0820133,0.08107192069292068,0.265787,1.40497,0.300857,0.694082,,,4.26862,1.78134,1.21789,743.8699951171875,,,,,,,502.3,3.587857142857143,538,3.842857142857143,,,,,,,,,,,,,,,,,,,"Adrian Houser","12718",605288
"Tyler Mahle","SFG",7.58475,8.2669,9.56247,4.19032,22.872,22.872,0,0,,129.384,544.274,120.673,64.49,60.24,18.2768,41.2616,0.417769,1.98164,104.725,7.2847,2.87017,2.53807,1.27134,0.192412,0.0758104,0.11660148948431015,0.240849,1.25158,0.270868,0.71468,,,4.35537,1.76708,1.63846,340.92999267578125,,,,,,,499.5999999999999,3.872868217054263,492,3.813953488372093,,,,,,,,,,,,,,,,,,,"Tyler Mahle","16358",641816
"Hunter Greene","CIN",4.34814,3.73291,4.94532,3.58957,11.444,11.444,0,0,,66.618,271.952,53.5827,28.28,26.57,8.75359,19.0981,0.177276,2.66909,84.1724,11.3716,2.58013,4.40736,1.1826,0.309513,0.0702262,0.23928634077310562,0.214173,1.09101,0.285067,0.734799,,,3.29656,1.74384,1.41049,296.4200134277344,,,,,,,346.69999999999993,5.174626865671641,320,4.776119402985074,,,,,,,,,,,,,,,,,,,"Hunter Greene","22182",668881
"Eduardo Rodriguez","ARI",7.5517,9.62566,7.75445,4.74559,26.841,23.636,0,0.6469,,132.11,573.887,134.915,74.42,69.66,18.024,48.8329,0.934025,3.84802,116.575,7.9417,3.32675,2.38723,1.22788,0.203133,0.0850916,0.11804132163524628,0.258852,1.39087,0.302352,0.689704,,,4.34022,1.72966,0.790501,743.97998046875,,,,,,,483.4000000000002,3.662121212121214,505,3.8257575757575757,,,,,,,,,,,,,,,,,,,"Eduardo Rodriguez","13164",593958
"Gerrit Cole","NYY",7.3132,5.7775,8.77868,4.05013,18.231,18.231,0,0,,110.263,456.831,96.5995,52.84,49.62,17.0514,32.137,0.345753,3.63245,108.101,8.82352,2.62312,3.36375,1.39178,0.236632,0.0703478,0.16628431528806686,0.229419,1.16754,0.268826,0.723757,,,4.15791,1.72671,1.56011,242.13999938964844,,,,,,,460.7,4.1881818181818184,437,3.9727272727272727,,,,,,,,,,,,,,,,,,,"Gerrit Cole","13125",543037
"Kodai Senga","NYM",7.59745,8.19307,4.82446,4.23035,28.881,21.734,0,0.7173,,126.415,543.974,109.979,63.53,59.42,15.6058,60.4463,1.00083,4.36685,129.382,9.21123,4.30342,2.14045,1.11104,0.237846,0.11112,0.12672600895166397,0.229524,1.34814,0.282407,0.71946,,,4.23114,1.7239,1.37268,235.9199981689453,,,,,,,519.6000000000001,4.123809523809525,492,3.9047619047619047,,,,,,,,,,,,,,,,,,,"Kodai Senga","31838",673540
"Bryce Miller","SEA",8.68024,8.52361,10.6035,4.32984,24.808,24.808,0,0,,141.22,590.303,128.205,72.36,67.94,22.607,42.97,0.474374,3.6872,117.554,7.49173,2.7385,2.73571,1.44075,0.199141,0.0727933,0.12634792178869247,0.235825,1.21212,0.261715,0.708224,,,4.54256,1.69591,1.58179,307.2799987792969,,,,,,,522.7,3.707092198581561,501,3.5531914893617023,,,,,,,,,,,,,,,,,,,"Bryce Miller","29837",682243
"Michael Wacha","KCR",8.89944,10.4208,13.1126,4.84019,27.39,27.39,0,0,,162.254,698.617,167.003,93.25,87.26,25.2702,50.2181,0.503636,5.10122,114.29,6.33949,2.78553,2.27587,1.4017,0.163594,0.0718822,0.091712087392807,0.259605,1.33877,0.281362,0.681749,,,4.77387,1.68367,0.803992,615.8499755859375,,,,,,,520.0999999999999,3.2104938271604935,548,3.382716049382716,,,,,,,,,,,,,,,,,,,"Michael Wacha","14078",608379
"Yusei Kikuchi","LAA",8.55815,11.6034,12.7648,4.74985,29.024,29.024,0,0,,165.662,713.545,165.726,93.89,87.43,28.0064,57.8773,0.712113,4.27738,153.56,8.34253,3.14433,2.6532,1.52152,0.215207,0.0811124,0.13409484922885895,0.254419,1.34976,0.29313,0.703456,,,4.60456,1.65225,0.947085,504.5799865722656,,,,,,,574.4000000000001,3.4602409638554223,588,3.5421686746987953,,,,,,,,,,,,,,,,,,,"Yusei Kikuchi","20633",579328
"Justin Steele","CHC",5.45314,4.30067,4.80302,3.62128,13.348,12.924,0,0,,72.2727,297.816,64.0027,31.32,29.08,7.8527,19.6276,0.220898,2.74043,69.2106,8.61869,2.44419,3.52619,0.977884,0.232394,0.0659051,0.16648899763822556,0.232359,1.15715,0.283036,0.720165,,,3.56086,1.65039,1.41377,579.1900024414062,,,,,,,337.0000000000001,4.680555555555557,325,4.513888888888889,,,,,,,,,,,,,,,,,,,"Justin Steele","17312",657006
"Mason Miller","SDP",2.78464,1.39798,0,2.42159,59.761,0.071,33,1.9912,,64.4823,255.724,39.137,18.61,17.35,5.2669,24.6452,1.65501,1.91972,99.1906,13.8443,3.43982,4.02473,0.735118,0.387881,0.0963742,0.29150645434856415,0.170785,0.989143,0.271608,0.800804,,,2.35637,1.62612,1.50034,28.690000534057617,,,,,,,600.7,9.3859375,545,8.515625,,,,,,,,,,,,,,,,,,,"Mason Miller","31757",695243
"Brayan Bello","BOS",9.21293,9.44043,11.8213,4.35975,26.696,26.696,0,0,,154.268,665.697,153.332,80.7,74.73,17.9545,56.6652,0.397084,8.27547,116.293,6.78452,3.30585,2.05228,1.04747,0.174693,0.0851217,0.08957153558731079,0.255231,1.36125,0.290192,0.699429,,,4.40335,1.61893,1.48946,446.8699951171875,,,,,,,557.4000000000001,3.61948051948052,573,3.720779220779221,,,,,,,,,,,,,,,,,,,"Brayan Bello","23920",678394
"Grant Taylor","CHW",2.93313,2.79288,0,3.05594,66.406,2.427,6,15.0731,,79.7233,325.233,60.8252,29.02,27.07,6.68397,28.5784,1.66436,1.73005,98.7999,11.1536,3.22622,3.45716,0.754556,0.303782,0.0878703,0.21591134369373322,0.20624,1.12142,0.285795,0.754361,,,2.88699,1.61862,1.43276,494.75,,,,,,,542.3,6.77875,504,6.3,,,,,,,,,,,,,,,,,,,"Grant Taylor","33927",691799
"Taj Bradley","MIN",7.39637,9.84749,5.93698,4.45197,28.935,23.247,0,0.6406,,130.897,561.035,124.545,69.19,64.75,18.3457,48.7732,0.894268,4.06379,113.731,7.81972,3.35347,2.33183,1.26138,0.202716,0.0869344,0.11578186601400375,0.245072,1.32408,0.282355,0.705312,,,4.43038,1.60649,1.19155,505.3699951171875,,,,,,,496.0000000000001,3.786259541984734,494,3.7709923664122136,,,,,,,,,,,,,,,,,,,"Taj Bradley","22543",671737
"Bailey Ober","MIN",8.34853,10.6321,12.4066,4.76982,27.127,27.127,0,0,,157.553,669.675,154.837,89.14,83.5,28.9874,44.1255,0.418641,5.62241,128.126,7.31905,2.52061,2.90368,1.65587,0.191326,0.0658908,0.12543532252311707,0.249766,1.26283,0.271923,0.693411,,,4.84775,1.59853,0.94753,409.54998779296875,,,,,,,515.5,3.2626582278481013,519,3.2848101265822787,,,,,,,,,,,,,,,,,,,"Bailey Ober","21224",641927
"Simeon Woods Richardson","MIN",7.59623,10.4402,6.60579,4.65664,28.386,24.352,0,0.6406,,131.29,563.952,124.844,72.3,67.93,19.078,49.8578,0.7545,3.20715,112.686,7.72468,3.41778,2.26015,1.30781,0.199815,0.0884079,0.11140700429677963,0.244367,1.33065,0.278975,0.691938,,,4.52014,1.58887,0.915274,642.3300170898438,,,,,,,481.70000000000005,3.677099236641222,479,3.6564885496183206,,,,,,,,,,,,,,,,,,,"Simeon Woods Richardson","24494",680573
"Richard Fitts","STL",5.52982,8.37609,2.70586,4.21116,27.995,19.484,0,0.6663,,109.851,462.89,103.531,54.97,51.4,14.2285,33.8761,1.12903,3.57869,92.2048,7.55426,2.77544,2.72182,1.16573,0.199194,0.073184,0.12600963562726974,0.243354,1.25085,0.279944,0.70167,,,4.16313,1.57873,1.25818,744.239990234375,,,,,,,445.4,4.049090909090909,442,4.0181818181818185,,,,,,,,,,,,,,,,,,,"Richard Fitts","30160",690916
"Mike Burrows","HOU",7.801,9.75862,5.97027,4.49581,28.833,24.291,0,0.6558,,129.801,552.448,121.28,69.34,64.84,21.0076,44.9759,0.881984,4.55888,125.861,8.7268,3.11849,2.7984,1.4566,0.227824,0.081412,0.1464117392897606,0.241154,1.28085,0.281628,0.708214,,,4.44469,1.54021,1.14199,249.2100067138672,,,,,,,495.1,3.808461538461539,483,3.7153846153846155,,,,,,,,,,,,,,,,,,,"Mike Burrows","24728",681347
"Spencer Schwellenbach","ATL",4.69714,3.44882,4.66273,3.56616,10.661,10.49,0,0,,62.5378,254.999,56.5154,26.57,24.78,7.05279,13.1533,0.255828,2.20433,64.4821,9.27982,1.89294,4.90234,1.01499,0.252872,0.0515818,0.2012898214161396,0.235833,1.11403,0.294233,0.720777,,,3.27577,1.53333,1.23884,736.8800048828125,,,,,,,314.90000000000003,4.998412698412699,307,4.873015873015873,,,,,,,,,,,,,,,,,,,"Spencer Schwellenbach","31846",680885
"Jared Jones","PIT",5.1042,5.73686,4.0231,4.06926,17.503,14.814,0,0.6566,,81.9878,345.439,75.287,39.63,37.07,10.7367,25.4001,0.560564,3.62282,83.6985,9.18779,2.78823,3.29521,1.1786,0.242296,0.0735297,0.1687661111354828,0.237936,1.22807,0.290791,0.71282,,,3.85779,1.50339,1.08022,701.719970703125,,,,,,,361.5,4.408536585365853,352,4.2926829268292686,,,,,,,,,,,,,,,,,,,"Jared Jones","27863",683003
"Shane Bieber","TOR",6.57851,5.78604,4.96427,3.85672,21.215,16.71,0,0.6481,,101.371,417.338,88.1344,46.57,43.44,14.6871,28.4944,0.654145,3.88776,94.6388,8.40229,2.52981,3.32131,1.30396,0.226767,0.0682765,0.15849100053310394,0.228946,1.15051,0.26647,0.729271,,,4.10979,1.48965,1.56046,401.70001220703125,,,,,,,432.1000000000001,4.278217821782179,408,4.03960396039604,,,,,,,,,,,,,,,,,,,"Shane Bieber","19427",669456
"Andrew Painter","PHI",5.28364,6.5821,2.46365,4.28269,25.023,17.39,0,0,,98.4545,416.324,94.6274,50.22,46.85,13.9507,28.5603,0.95221,3.45863,90.2057,8.24595,2.61078,3.15843,1.27527,0.216672,0.0686012,0.1480705812573433,0.24623,1.25121,0.287978,0.703936,,,4.12041,1.47483,1.01932,999,,,,,,,390,3.979591836734694,392,4,,,,,,,,,,,,,,,,,,,"Andrew Painter","sa3017880",691725
"Brady Singer","CIN",8.6622,11.4377,13.0472,4.96008,28.893,28.893,0,0,,166.08,720.457,167.453,97.4,91.53,27.4351,57.2219,0.44275,10.018,149.646,8.10942,3.1009,2.61519,1.48673,0.20771,0.0794245,0.12828519940376282,0.256351,1.35281,0.294071,0.683297,,,4.69513,1.47267,0.659049,362.9800109863281,,,,,,,561.1000000000001,3.3801204819277118,578,3.4819277108433737,,,,,,,,,,,,,,,,,,,"Brady Singer","25377",663903
"Roki Sasaki","LAD",6.53542,5.89155,2.55444,4.23088,30.204,17.768,0,0.7772,,106.446,454.509,97.6293,53.54,50.04,12.9522,39.5527,1.23592,5.75728,99.6086,8.4219,3.34418,2.51837,1.09511,0.219156,0.0870229,0.13213340938091278,0.238586,1.28875,0.285455,0.702585,,,4.12242,1.46673,1.0773,268.4599914550781,,,,,,,435.7000000000001,4.110377358490567,427,4.028301886792453,,,,,,,,,,,,,,,,,,,"Roki Sasaki","35323",808963
"Jacob Lopez","ATH",6.99187,8.64483,9.05709,4.70024,23.055,23.055,0,0,,125.4,539.604,114.691,70.08,65.49,22.0521,47.4128,0.397487,8.30006,137.19,9.84616,3.40284,2.89352,1.58268,0.254242,0.087866,0.16637574136257172,0.237018,1.2927,0.285351,0.701236,,,4.56604,1.45827,0.788224,461.9700012207031,,,,,,,464.4,3.7152,448,3.584,,,,,,,,,,,,,,,,,,,"Jacob Lopez","25098",682052
"Logan Henderson","MIL",4.8995,5.82211,1.96839,3.94534,25.438,14.691,0,0.621,,88.5322,361.9,72.8023,41.52,38.81,15.6538,23.6819,0.970188,3.02062,95.7036,9.72903,2.40745,4.04121,1.59134,0.264448,0.0654377,0.19900988787412643,0.217192,1.08982,0.255309,0.737094,,,4.17657,1.448,1.2483,311.510009765625,,,,,,,386.99999999999994,4.348314606741573,352,3.955056179775281,,,,,,,,,,,,,,,,,,,"Logan Henderson","31475",701656
"Slade Cecconi","CLE",7.70428,10.5191,11.4312,4.73008,26.273,26.273,0,0,,149.306,636.57,151.155,83.85,78.47,25.3445,41.3309,0.536522,5.74744,120.36,7.25519,2.49138,2.91212,1.52774,0.189076,0.0649275,0.12414884567260742,0.256416,1.2892,0.283493,0.691933,,,4.67555,1.42012,0.886298,648.239990234375,,,,,,,501.5000000000001,3.3657718120805376,519,3.4832214765100673,,,,,,,,,,,,,,,,,,,"Slade Cecconi","27500",677944
"Luis Morales","ATH",6.05198,8.27155,4.60429,4.5681,25.882,19.744,0,0.6336,,113.069,486.266,105.898,61.21,57.39,16.8802,42.8768,0.950908,5.68684,108.481,8.63483,3.41288,2.53007,1.34362,0.22309,0.0881756,0.13491486757993698,0.241941,1.31579,0.285002,0.699721,,,4.44558,1.40901,0.871418,729.0999755859375,,,,,,,424.5,3.756637168141593,417,3.690265486725664,,,,,,,,,,,,,,,,,,,"Luis Morales","32227",806960
"Sean Burke","CHW",7.51279,10.212,10.4686,4.59994,25.873,25.873,0,0,,142.867,611.729,128.767,78.31,73.02,22.8049,59.1325,0.396488,4.56423,131.99,8.3148,3.72509,2.23211,1.43661,0.215766,0.0966646,0.11910096555948257,0.234963,1.31521,0.269462,0.702621,,,4.70005,1.40734,1.10591,999,,,,,,,511.9000000000001,3.5797202797202803,488,3.4125874125874125,,,,,,,,,,,,,,,,,,,"Sean Burke","29878",680732
"Mick Abel","MIN",5.95397,8.71746,2.88984,4.42977,31.066,20.101,0,0.6406,,114.69,494.401,103.741,60.26,56.45,15.686,48.7802,1.27047,4.99606,112.208,8.80524,3.8279,2.30028,1.23092,0.226958,0.0986652,0.12829244881868362,0.23544,1.32985,0.281568,0.706653,,,4.36306,1.40694,1.04646,345.4599914550781,,,,,,,449.80000000000007,3.9113043478260874,433,3.765217391304348,,,,,,,,,,,,,,,,,,,"Mick Abel","27756",690953
"Hunter Barco","PIT",3.73205,4.78356,0.549746,3.97896,32.519,10.764,0,0.6566,,82.8759,352.414,75.0533,39.21,36.64,9.01349,29.9938,1.23197,4.14983,84.8911,9.21884,3.25721,2.83029,0.97883,0.240885,0.0851095,0.15577514469623566,0.235816,1.26752,0.29434,0.712305,,,3.73632,1.40517,1.04149,999,,,,,,,380.5,4.5843373493975905,370,4.457831325301205,,,,,,,,,,,,,,,,,,,"Hunter Barco","33174",682995
"Kyle Harrison","MIL",4.60015,5.91788,2.04421,4.27507,26.498,14.219,0,0.621,,89.2616,380.527,82.7096,45.5,42.4,12.4698,30.4695,1.15222,4.52494,94.9055,9.56906,3.07215,3.11477,1.2573,0.249405,0.0800717,0.16933350265026093,0.239368,1.26795,0.29493,0.707043,,,4.00091,1.38039,0.811824,539.9500122070312,,,,,,,384.2,4.316853932584269,378,4.247191011235955,,,,,,,,,,,,,,,,,,,"Kyle Harrison","27758",690986
"Cade Smith","CLE",2.64967,1.86079,0,3.03052,66.162,0,32,3.2908,,68.0081,276.109,50.0887,24.54,22.9,6.31852,22.3583,1.47168,2.88225,89.37,11.827,2.95884,3.99717,0.836175,0.323677,0.0809764,0.24270012974739075,0.199661,1.06527,0.282061,0.753242,,,2.82815,1.37056,1.08743,39.93000030517578,,,,,,,574.4000000000001,8.447058823529414,537,7.897058823529412,,,,,,,,,,,,,,,,,,,"Cade Smith","27867",671922
"Cristian Javier","HOU",7.8195,9.20359,10.0823,4.62006,24.938,24.938,0,0,,137.589,587.443,117.832,75.17,70.63,22.2438,59.4919,0.430584,5.67864,118.6,7.75786,3.8915,1.99354,1.45502,0.201891,0.101273,0.10061858594417572,0.225613,1.28879,0.250605,0.69881,,,4.93384,1.33827,1.0942,502.30999755859375,,,,,,,486.8,3.527536231884058,447,3.239130434782609,,,,,,,,,,,,,,,,,,,"Cristian Javier","17606",664299
"Kyle Leahy","STL",4.57524,7.12938,0.848367,4.44184,44.125,14.325,0,0.6663,,113.426,488.539,113.109,59.68,55.98,13.546,40.126,1.45551,3.12862,94.5423,7.50164,3.18387,2.35613,1.07483,0.19352,0.0821347,0.11138567328453064,0.254015,1.35097,0.295268,0.696765,,,4.16468,1.31842,0.695113,737.489990234375,,,,,,,435.2,3.8513274336283185,448,3.9646017699115044,,,,,,,,,,,,,,,,,,,"Kyle Leahy","24763",681517
"Justin Verlander","DET",7.02666,8.64265,9.68637,4.71993,22.728,22.728,0,0,,128.004,549.478,120.762,71.94,67.13,20.6597,46.0009,0.425752,5.9218,102.484,7.20565,3.23433,2.22786,1.45259,0.186511,0.0837174,0.1027933731675148,0.242711,1.3028,0.267359,0.687924,,,4.84896,1.30843,0.776426,701.3699951171875,,,,,,,422.30000000000007,3.2992187500000005,415,3.2421875,,,,,,,,,,,,,,,,,,,"Justin Verlander","8700",434378
"Dean Kremer","BAL",7.17219,8.70581,4.41624,4.5324,30.986,22.001,0,0.6611,,131.235,560.093,127.614,70.56,66.09,20.6726,43.645,1.10073,3.3395,107.297,7.35834,2.99314,2.4584,1.41771,0.19157,0.0779245,0.11364516615867615,0.248707,1.30498,0.277669,0.707567,,,4.62181,1.29559,0.956877,999,,,,,,,455.3000000000001,3.4755725190839706,459,3.50381679389313,,,,,,,,,,,,,,,,,,,"Dean Kremer","19350",665152
"Andre Pallante","STL",7.72423,10.3879,8.61471,4.61077,25.252,24.034,0,0,,130.976,568.537,135.672,71.37,67.1,13.007,50.9424,0.454013,4.60375,82.8012,5.68968,3.5005,1.62539,0.893778,0.145639,0.0896026,0.056036435067653656,0.264473,1.4248,0.294032,0.684331,,,4.43406,1.28872,1.04676,999,,,,,,,453.9000000000001,3.4648854961832067,484,3.6946564885496183,,,,,,,,,,,,,,,,,,,"Andre Pallante","26108",669467
"Bryce Elder","ATL",6.28594,7.40979,5.64978,4.58557,23.44,18.841,0,0.6492,,110.754,475.849,112.719,60.27,56.43,14.0593,36.9996,0.852182,3.81725,89.3173,7.25803,3.00663,2.41401,1.14247,0.187701,0.077755,0.109946109354496,0.259105,1.35181,0.297476,0.687877,,,4.27809,1.2687,0.866644,740.9500122070312,,,,,,,414.40000000000003,3.733333333333334,432,3.891891891891892,,,,,,,,,,,,,,,,,,,"Bryce Elder","27779",693821
"Zach Eflin","BAL",8.42434,9.48684,8.18537,4.72065,27.741,23.858,0,0.6611,,138.108,585.036,146.163,77.68,72.44,23.6272,30.1152,0.712832,4.25003,98.2642,6.40352,1.9625,3.26295,1.5397,0.167963,0.0514757,0.11648685857653618,0.265428,1.27638,0.285779,0.688535,,,4.68263,1.22861,0.753519,479.0400085449219,,,,,,,444.4,3.2202898550724637,476,3.449275362318841,,,,,,,,,,,,,,,,,,,"Zach Eflin","13774",621107
"Zack Littell","WSN",7.4871,11.6615,10.4097,4.79455,26.328,25.253,0,0,,144.145,612.359,151.443,82.22,76.79,25.0613,33.3792,0.558294,4.11132,95.3808,5.9553,2.0841,2.8575,1.56475,0.15576,0.0545092,0.1012505292892456,0.263439,1.28219,0.278112,0.685218,,,4.8522,1.22381,0.764995,723.1599731445312,,,,,,,444.5000000000001,3.0868055555555562,474,3.2916666666666665,,,,,,,,,,,,,,,,,,,"Zack Littell","15823",641793
"Griffin Jax","TBR",2.98624,1.75515,0,2.99998,61.883,0.108,18,9.9415,,62.6104,252.032,48.3811,22.31,20.87,5.89784,16.7761,1.29432,3.03878,78.2129,11.2428,2.4115,4.66216,0.847791,0.310329,0.0665633,0.24376561492681503,0.208344,1.04068,0.286842,0.753023,,,2.81076,1.21359,1.12891,151.17999267578125,,,,,,,493.6000000000001,7.834920634920636,463,7.349206349206349,,,,,,,,,,,,,,,,,,,"Griffin Jax","20253",643377
"Robert Gasser","MIL",3.45978,3.85984,0.403201,3.80038,32.204,8.558,0,0.621,,71.4482,299.238,62.5085,32.36,30.17,8.13151,22.51,1.22717,3.93892,69.6655,8.77545,2.83548,3.09487,1.02429,0.23281,0.0752243,0.15758531540632248,0.229146,1.18993,0.278868,0.715135,,,3.77511,1.17301,0.994732,747.6799926757812,,,,,,,326.2,4.594366197183098,314,4.422535211267606,,,,,,,,,,,,,,,,,,,"Robert Gasser","29812",688107
"J.T. Ginn","ATH",3.33747,4.56701,0.484223,3.92587,27.096,10.485,0,0.6336,,72.8551,308.658,68.0541,34.11,31.78,7.94597,24.518,1.40001,4.08556,72.2924,8.93048,3.02877,2.94855,0.981588,0.234215,0.0794342,0.15478123724460602,0.243003,1.27063,0.300818,0.717786,,,3.74626,1.14671,0.970722,747.3599853515625,,,,,,,326.00000000000006,4.465753424657535,322,4.410958904109589,,,,,,,,,,,,,,,,,,,"J.T. Ginn","27889",669372
"Hunter Dobbins","STL",3.78018,5.71733,1.78367,4.34997,24.745,12.549,0,0.6663,,81.704,351.428,81.5204,42.16,39.49,9.02961,27.9571,1.11148,3.31158,64.3089,7.08386,3.07958,2.30027,0.994646,0.182993,0.0795529,0.10344023257493973,0.254625,1.33993,0.293698,0.69517,,,4.14578,1.14658,0.778995,999,,,,,,,321.90000000000003,3.9256097560975616,332,4.048780487804878,,,,,,,,,,,,,,,,,,,"Hunter Dobbins","30240",690928
"Michael Soroka","ARI",3.69428,5.26374,0.695388,4.24986,38.597,11.605,1,0.5628,,95.3396,407.373,84.7724,48.09,45.02,12.2776,36.7071,1.66762,6.48016,97.2738,9.18258,3.46513,2.65,1.159,0.238783,0.0901069,0.14867613464593887,0.232772,1.27418,0.284702,0.7037,,,4.12762,1.14245,0.822852,733.97998046875,,,,,,,408.4,4.298947368421052,393,4.136842105263158,,,,,,,,,,,,,,,,,,,"Michael Soroka","18383",647336
"Brandon Sproat","MIL",3.85124,4.88358,0.601282,3.92349,26.519,11.827,0,0.621,,79.0929,334.86,69.3639,36.94,34.48,8.40792,30.0545,1.11374,4.68945,70.1217,7.97916,3.41991,2.33315,0.956739,0.209406,0.0897525,0.11965372413396835,0.231124,1.25698,0.275089,0.712839,,,4.06179,1.13459,1.07178,641.52001953125,,,,,,,345.80000000000007,4.377215189873419,330,4.177215189873418,,,,,,,,,,,,,,,,,,,"Brandon Sproat","33850",687075
"Rhett Lowder","CIN",4.81445,7.76613,2.89491,4.72895,26.479,18.002,0,0.6526,,106.806,459.731,109.35,59.85,56.12,15.3065,33.6292,1.08285,4.57253,86.6527,7.30179,2.83376,2.57671,1.2898,0.188486,0.0731498,0.11533601582050323,0.259412,1.33868,0.294281,0.683909,,,4.44859,1.12623,0.575882,569.25,,,,,,,384.9000000000001,3.5971962616822437,401,3.7476635514018692,,,,,,,,,,,,,,,,,,,"Rhett Lowder","33876",695076
"Steven Matz","TBR",5.28065,9.09351,3.20984,5.1026,30.969,19.794,0,0.6597,,120.715,524.534,134.143,73.38,68.44,20.0318,32.7263,1.45011,4.66613,96.9684,7.22955,2.43993,2.96301,1.49349,0.184866,0.0623912,0.1224745400249958,0.275368,1.38234,0.308291,0.673434,,,4.6151,1.11187,0.126985,739.969970703125,,,,,,,385.0000000000001,3.1818181818181825,429,3.5454545454545454,,,,,,,,,,,,,,,,,,,"Steven Matz","13361",571927
"Devin Williams","NYM",3.43061,1.66297,0,2.9899,63.32,0,31,3.1781,,64.146,259.952,42.0895,22.67,21.31,6.23985,27.2511,1.23459,2.55121,88.2385,12.3803,3.82347,3.23798,0.875481,0.339442,0.104831,0.23461034893989563,0.182879,1.08098,0.264239,0.770081,,,3.04235,1.09224,1.07868,60.290000915527344,,,,,,,543.5999999999999,8.493749999999999,495,7.734375,,,,,,,,,,,,,,,,,,,"Devin Williams","15816",642207
"Jacob Latz","TEX",4.28297,5.58126,0.686622,4.22845,40.197,12.118,0,0.6445,,101.037,429.016,85.8432,50.67,47.47,14.3085,43.1776,1.87655,2.46557,96.6296,8.6074,3.8461,2.23795,1.27455,0.225235,0.100643,0.12459190934896469,0.223916,1.27697,0.262576,0.718888,,,4.41863,1.07591,0.870134,723.219970703125,,,,,,,414.6,4.104950495049505,386,3.8217821782178216,,,,,,,,,,,,,,,,,,,"Jacob Latz","21306",656641
"Lucas Giolito",,6.71616,8.84436,6.49502,4.77206,22.808,19.576,0,0,,112.046,483.079,106.314,63.38,59.41,18.5239,44.5564,0.752977,2.95074,98.4608,7.90878,3.57895,2.2098,1.48791,0.203819,0.0922341,0.1115851104259491,0.244079,1.34651,0.275561,0.700277,,,4.79883,1.06659,0.644603,712.739990234375,,,,,,,371.5000000000001,3.316964285714287,365,3.2589285714285716,,,,,,,,,,,,,,,,,,,"Lucas Giolito","15474",608337
"Ian Seymour","TBR",4.43922,6.87108,0.931933,4.48366,35.325,14.915,0,0.6597,,104.921,446.58,97.2734,56.12,52.27,17.5748,32.9901,1.77882,6.56639,101.256,8.68559,2.82985,3.06927,1.50754,0.226736,0.0738728,0.15286318957805634,0.238987,1.24154,0.276546,0.701725,,,4.5136,1.05257,0.715148,463.95001220703125,,,,,,,389.40000000000003,3.708571428571429,377,3.5904761904761906,,,,,,,,,,,,,,,,,,,"Ian Seymour","27932",693855
"Kumar Rocker","TEX",4.7034,6.42957,2.2528,4.38132,25.557,15.569,0,0.6445,,90.3631,383.407,86.3844,46.96,43.99,11.7673,29.3628,0.908104,3.53795,75.4497,7.51465,2.92448,2.56957,1.172,0.196787,0.0765839,0.12020337581634521,0.246456,1.28091,0.283403,0.692909,,,4.25039,1.04886,0.80369,740.72998046875,,,,,,,349.79999999999995,3.8866666666666663,349,3.8777777777777778,,,,,,,,,,,,,,,,,,,"Kumar Rocker","31843",677958
"Cody Bradford","TEX",2.8966,3.43579,0.363055,3.83898,27.611,7.668,0,0.6445,,64.0952,264.304,57.2675,29.26,27.34,8.31161,15.579,1.2015,1.95643,58.0564,8.15206,2.18754,3.72659,1.16708,0.219657,0.0589434,0.16071408987045288,0.232069,1.13654,0.271372,0.712078,,,3.83011,1.04843,0.883754,999,,,,,,,293.00000000000006,4.578125000000001,282,4.40625,,,,,,,,,,,,,,,,,,,"Cody Bradford","27597",674003
"Garrett Whitlock","BOS",2.98297,1.77921,0,3.36994,57.412,0,5,14.2429,,63.7756,260.999,53.4824,25.66,23.88,6.46817,17.1005,1.25086,2.71358,71.6922,10.1172,2.41323,4.19239,0.912787,0.274684,0.0655195,0.20916418731212616,0.221748,1.10674,0.288387,0.730128,,,3.1374,1.03643,0.76647,652.4400024414062,,,,,,,426.99999999999994,6.671874999999999,407,6.359375,,,,,,,,,,,,,,,,,,,"Garrett Whitlock","20191",676477
"Jeremiah Estrada","SDP",2.90036,1.77056,0,3.24938,64.888,0,3,14.9753,,66.225,272.578,47.6106,25.66,23.91,7.81706,26.9517,1.91912,1.97567,89.3866,12.1477,3.66274,3.31655,1.06234,0.32793,0.0988769,0.2290530800819397,0.195405,1.12589,0.271726,0.768682,,,3.28056,1.0315,0.874367,606.780029296875,,,,,,,431.2000000000001,6.533333333333335,392,5.9393939393939394,,,,,,,,,,,,,,,,,,,"Jeremiah Estrada","22210",669093
"Nick Martinez","TBR",6.05051,10.1279,3.48313,5.10061,37.756,21.824,0,0.6597,,141.936,615.326,153.777,85.99,80.44,22.7966,39.6275,1.34807,7.48975,99.8125,6.32899,2.51273,2.51877,1.44551,0.162211,0.0644009,0.09780994057655334,0.270635,1.36262,0.293942,0.66515,,,4.81253,0.994478,0.0757097,744.22998046875,,,,,,,430.5,3.0316901408450705,474,3.3380281690140845,,,,,,,,,,,,,,,,,,,"Nick Martinez","12730",607259
"Adrian Morejon","SDP",2.71735,1.72297,0,3.35057,62.597,0,2,13.3796,,64.6278,265.961,57.6297,25.9,24.06,5.39753,16.8133,1.47758,2.56508,63.132,8.7917,2.3414,3.75489,0.751655,0.237374,0.0632172,0.1741562858223915,0.233714,1.15187,0.293352,0.725752,,,3.16669,0.989913,0.820236,733.3900146484375,,,,,,,396.7,6.103076923076923,388,5.969230769230769,,,,,,,,,,,,,,,,,,,"Adrian Morejon","20039",670970
"Luis Severino","ATH",8.6448,11.0278,13.8999,5.15995,27.767,27.767,0,0,,166.833,728.977,172.179,102.11,95.65,29.0368,56.3044,0.574462,13.675,129.3,6.97526,3.03741,2.29645,1.56642,0.177373,0.0772377,0.10013492405414581,0.261274,1.36953,0.285906,0.6728,,,5.10606,0.989631,0.250372,673.4000244140625,,,,,,,479.8999999999999,2.873652694610778,506,3.029940119760479,,,,,,,,,,,,,,,,,,,"Luis Severino","15890",622663
"Edwin Díaz","LAD",3.37015,1.3998,0,3.57024,61.7,0,36,2.9595,,64.4075,266.096,48.6607,27.39,25.55,7.564,22.6534,0.883506,5.37564,88.2779,12.3355,3.16548,3.89689,1.05696,0.331751,0.0851322,0.2466190904378891,0.204399,1.10723,0.288954,0.723334,,,3.22617,0.985135,0.6623,32.849998474121094,,,,,,,531.8000000000001,8.309375000000001,500,7.8125,,,,,,,,,,,,,,,,,,,"Edwin Diaz","14710",621242
"Patrick Sandoval","BOS",3.68836,4.22864,0.435035,3.94823,34.672,9.011,0,0.676,,75.8391,327.35,69.5376,35.87,33.27,7.01612,34.2429,1.81275,3.1403,69.5017,8.24793,4.06368,2.02967,0.83262,0.212316,0.104606,0.10771006345748901,0.239812,1.36843,0.292911,0.722775,,,3.98372,0.984649,0.862391,999,,,,,,,327.29999999999995,4.30657894736842,322,4.2368421052631575,,,,,,,,,,,,,,,,,,,"Patrick Sandoval","19447",663776
"Trevor McDonald","SFG",2.63111,3.60069,0.383036,3.88861,24.113,8.09,0,0.6513,,63.0456,268.59,60.435,29.28,27.24,6.01855,21.4423,1.1788,3.43992,56.8105,8.10991,3.06097,2.64946,0.859171,0.211514,0.0798328,0.13168077915906906,0.247981,1.2987,0.300845,0.716084,,,3.75797,0.983022,0.853137,747.6799926757812,,,,,,,282.40000000000003,4.4825396825396835,283,4.492063492063492,,,,,,,,,,,,,,,,,,,"Trevor McDonald","26448",686790
"Griffin Canning","SDP",5.10476,6.82943,2.43612,4.51124,26.316,16.945,0,0.6537,,99.5912,428.374,95.2446,53.49,49.92,14.8284,38.6173,1.18481,2.95534,89.6642,8.1029,3.48982,2.32187,1.34004,0.209313,0.0901486,0.11916440725326538,0.246237,1.34411,0.284852,0.710614,,,4.5224,0.97676,0.830035,999,,,,,,,366.5,3.665,363,3.63,,,,,,,,,,,,,,,,,,,"Griffin Canning","19867",656288
"Drew Anderson","DET",1.97886,2.76525,0,3.76176,44.088,4.14,0,9.1171,,72.9711,312.282,54.7492,32.69,30.5,8.68678,38.4345,1.94027,4.50303,98.81,12.1869,4.74038,2.57087,1.0714,0.316412,0.123076,0.19333618879318237,0.203268,1.27699,0.284603,0.746631,,,3.73977,0.973416,0.77193,999,,,,,,,391.5,5.363013698630137,353,4.835616438356165,,,,,,,,,,,,,,,,,,,"Drew Anderson","15130",623454
"Bryan Abreu","HOU",3.12362,1.90224,0,3.46971,64.491,0,12,12.5386,,67.0518,280.008,51.1287,27.64,25.85,6.96866,28.6755,0.843934,3.03151,87.6388,11.7633,3.84896,3.05623,0.935365,0.312987,0.10241,0.21057720482349396,0.205914,1.19019,0.287326,0.744691,,,3.29078,0.956503,0.720933,186.27000427246094,,,,,,,469.0999999999999,7.001492537313432,436,6.507462686567164,,,,,,,,,,,,,,,,,,,"Bryan Abreu","16609",650556
"Andrés Muñoz","SEA",2.54595,1.65126,0,3.10005,60.793,0,34,3.3601,,62.2152,254.91,45.3813,22.88,21.43,5.48522,23.6016,1.74584,3.9685,77.5723,11.2216,3.41418,3.28675,0.793487,0.304312,0.0925876,0.21172449737787247,0.199618,1.10878,0.276513,0.752042,,,3.11703,0.955035,0.969848,41.349998474121094,,,,,,,534.3,8.61774193548387,499,8.048387096774194,,,,,,,,,,,,,,,,,,,"Andres Munoz","20373",662253
"Patrick Corbin",,5.34001,7.66916,5.16712,5.01143,19.175,16.564,0,0,,91.9318,400.838,96.8174,54.94,51.19,13.6753,32.6526,0.628551,3.31114,81.3694,7.96596,3.19665,2.49197,1.33879,0.202998,0.0814609,0.12153729051351547,0.265345,1.40833,0.308128,0.675552,,,4.47234,0.950121,0.2211,999,,,,,,,310.40000000000015,3.3739130434782623,332,3.608695652173913,,,,,,,,,,,,,,,,,,,"Patrick Corbin","9323",571578
"Dylan Lee","ATL",2.53236,1.49546,0,3.40031,62.14,0,2,15.9999,,63.6559,256.911,52.054,25.8,24.05,8.16497,15.8492,1.31679,0.858059,72.965,10.3162,2.24085,4.6037,1.15441,0.284009,0.0616916,0.222317885607481,0.216708,1.06672,0.275904,0.745556,,,3.29751,0.94484,0.766048,999,,,,,,,409.00000000000006,6.390625000000001,385,6.015625,,,,,,,,,,,,,,,,,,,"Dylan Lee","19996",669276
"Aaron Ashby","MIL",2.99154,2.26537,0,3.33333,56.766,2.123,1,13.2076,,76.923,325.664,62.4079,30.59,28.49,4.99896,34.7968,1.70939,5.79872,81.734,9.56289,4.07123,2.34889,0.584879,0.250977,0.106849,0.14412779361009598,0.218923,1.26366,0.289454,0.738472,,,3.4381,0.93521,1.07127,999,,,,,,,445.1000000000001,5.780519480519482,418,5.428571428571429,,,,,,,,,,,,,,,,,,,"Aaron Ashby","23550",676879
"Ryan Weiss","HOU",3.35769,4.32906,0.553803,4.29799,33.163,9.066,0,0,,78.4203,336.154,70.0656,40.05,37.45,10.8883,31.3552,1.33333,4.04934,87.3139,10.0207,3.59851,2.78467,1.2496,0.259744,0.0932762,0.16646742075681686,0.23297,1.2933,0.292165,0.712146,,,4.06771,0.934285,0.586217,999,,,,,,,328.90000000000003,4.216666666666667,316,4.051282051282051,,,,,,,,,,,,,,,,,,,"Ryan Weiss","sa3007778",680802
"Seth Lugo","KCR",8.19375,10.0885,12.5394,5.02003,25.945,25.945,0,0,,153.752,668.568,157.017,91.66,85.76,25.8202,54.3149,0.554968,6.94984,120.402,7.04784,3.17937,2.21674,1.51141,0.18009,0.0812407,0.09884908050298691,0.258548,1.3745,0.284543,0.683123,,,4.94749,0.93392,0.422784,516.530029296875,,,,,,,468.6000000000002,3.042857142857144,489,3.175324675324675,,,,,,,,,,,,,,,,,,,"Seth Lugo","12447",607625
"Matt Brash","SEA",2.46302,1.6684,0,3.10148,59.116,0.069,4,12.3263,,60.3003,250.909,45.3516,22.19,20.78,4.29593,26.8391,1.35201,2.82319,71.6629,10.6959,4.00582,2.67009,0.641181,0.285613,0.106968,0.17864590883255005,0.204982,1.19719,0.282582,0.755567,,,3.16015,0.925176,0.965526,740.5,,,,,,,399.79999999999995,6.663333333333332,370,6.166666666666667,,,,,,,,,,,,,,,,,,,"Matt Brash","25756",666374
"José Berríos","TOR",4.36042,5.74217,0.93973,4.47852,29.833,14.294,0,0.6481,,97.8671,419.637,95.5037,52.03,48.7,13.7282,32.8404,1.53604,5.68555,80.9796,7.447,3.02005,2.46585,1.26247,0.192975,0.0782591,0.11471628397703171,0.250593,1.31141,0.285526,0.69933,,,4.48478,0.920763,0.718537,699.1199951171875,,,,,,,352.4,3.5959183673469384,357,3.642857142857143,,,,,,,,,,,,,,,,,,,"Jose Berrios","14168",621244
"Gabe Speier","SEA",2.50325,1.69091,0,3.2395,60.34,0,2,11.7292,,57.4811,232.909,45.2601,22.18,20.69,6.20216,14.6564,1.52181,3.76549,68.0311,10.6519,2.29481,4.64172,0.971092,0.292093,0.0629277,0.2291654720902443,0.211015,1.04237,0.27848,0.73656,,,3.13221,0.91948,0.802062,747.52001953125,,,,,,,367.99999999999994,6.456140350877192,344,6.035087719298246,,,,,,,,,,,,,,,,,,,"Gabe Speier","17170",642100
"Jhoan Duran","PHI",2.73297,1.53962,0,3.35974,64.995,0,32,3.0842,,66.0854,271.12,56.4316,26.57,24.67,6.60502,19.1281,1.86538,2.6334,72.9692,9.93749,2.60501,3.81477,0.89952,0.26914,0.0705521,0.1985875591635704,0.226307,1.14336,0.293469,0.738768,,,3.21399,0.909882,0.770438,41.58000183105469,,,,,,,508.70000000000005,7.707575757575758,491,7.4393939393939394,,,,,,,,,,,,,,,,,,,"Jhoan Duran","21029",661395
"Abner Uribe","MIL",3.33695,1.77827,0,3.08977,64.374,0,17,6.8784,,66.5292,278.088,49.5754,24.39,22.84,4.61901,31.4262,1.62952,3.59176,75.7632,10.2492,4.25131,2.41083,0.624855,0.272443,0.113008,0.15943510085344315,0.203955,1.21754,0.276336,0.759531,,,3.33918,0.905985,1.13776,163,,,,,,,464.29999999999995,6.929850746268656,430,6.417910447761194,,,,,,,,,,,,,,,,,,,"Abner Uribe","25327",682842
"Chris Paddack","MIA",5.60288,9.51016,5.15541,4.97731,26.828,20.88,0,0.6387,,118.347,509.853,125.13,70.16,65.45,20.7152,33.72,0.935522,3.56215,84.9073,6.45699,2.56433,2.51801,1.57534,0.166533,0.0661368,0.10039621591567993,0.264787,1.34224,0.284551,0.683026,,,4.92081,0.901621,0.295423,999,,,,,,,349.9000000000001,2.9652542372881365,377,3.194915254237288,,,,,,,,,,,,,,,,,,,"Chris Paddack","20099",663978
"Aroldis Chapman","BOS",2.987,1.66781,0,3.1207,55.785,0,28,1.9343,,55.4299,228.409,37.6894,20.59,19.22,5.32492,25.2712,0.985352,2.65607,76.3756,12.4009,4.10322,3.02223,0.864593,0.334381,0.11064,0.22374051064252853,0.187994,1.13586,0.272471,0.763356,,,3.13973,0.897455,0.797863,64.04000091552734,,,,,,,462.7,8.412727272727272,426,7.745454545454545,,,,,,,,,,,,,,,,,,,"Aroldis Chapman","10233",547973
"Lance McCullers Jr.","HOU",4.44332,6.20951,2.19099,4.58796,23.209,14.902,0,0.6558,,82.8407,361.828,77.024,45.12,42.23,10.2497,38.0345,0.735731,5.64004,78.2521,8.50149,4.13215,2.0574,1.11355,0.216269,0.105118,0.11115119606256485,0.242097,1.38891,0.290763,0.694461,,,4.436,0.892151,0.586877,999,,,,,,,319.00000000000006,3.8433734939759043,313,3.7710843373493974,,,,,,,,,,,,,,,,,,,"Lance McCullers Jr.","14120",621121
"Joe Boyle","TBR",3.40166,5.32339,0.697171,4.48234,25.455,11.772,0,0.6597,,76.44,335.065,65.718,40.69,38.07,9.37255,42.975,1.21598,3.15955,85.5184,10.0689,5.05985,1.98996,1.10352,0.255229,0.128259,0.12697064876556396,0.227453,1.42194,0.290381,0.711541,,,4.30219,0.881045,0.495328,744.0800170898438,,,,,,,318.1,4.185526315789474,301,3.960526315789474,,,,,,,,,,,,,,,,,,,"Joe Boyle","29608",671212
"Johan Oviedo","BOS",4.51402,6.1747,0.831813,4.44139,30.613,14.443,0,0.676,,92.9912,402.344,81.8267,49.13,45.89,12.7764,43.1298,1.37916,5.27069,89.5934,8.67115,4.17425,2.0773,1.23654,0.222679,0.107196,0.11548233032226562,0.231186,1.34375,0.274474,0.708199,,,4.55578,0.878766,0.708076,534.7000122070312,,,,,,,355.1000000000001,3.818279569892474,336,3.6129032258064515,,,,,,,,,,,,,,,,,,,"Johan Oviedo","22487",670912
"Connelly Early","BOS",2.38775,2.84038,0.337488,3.55916,15.657,7.128,0,0.676,,46.1233,193.124,39.321,19.58,18.24,4.44989,16.6027,0.698036,2.43823,48.5183,9.46734,3.23966,2.92232,0.868303,0.251229,0.0859689,0.165259949862957,0.225875,1.21248,0.287918,0.731352,,,3.52398,0.877545,0.783525,281.1099853515625,,,,,,,234.80000000000004,5.104347826086958,223,4.8478260869565215,,,,,,,,,,,,,,,,,,,"Connelly Early","33666",813349
"David Bednar","NYY",3.24498,1.54208,0,3.37929,59.27,0,32,1.5548,,60.1901,245.223,46.3317,24.12,22.6,6.96259,19.6944,1.50746,1.7165,71.6293,10.7105,2.94483,3.63704,1.04109,0.292099,0.0803122,0.2117866799235344,0.207012,1.09696,0.2711,0.74462,,,3.32599,0.86841,0.757068,64.19000244140625,,,,,,,484.29999999999995,8.071666666666665,455,7.583333333333333,,,,,,,,,,,,,,,,,,,"David Bednar","19569",670280
"José Urquidy","PIT",4.20848,6.17905,2.12384,4.77451,26.651,13.874,0,0.6566,,89.0291,382.601,89.148,50.34,47.23,13.1816,28.5168,0.949943,3.38267,66.9219,6.76517,2.88278,2.34676,1.33253,0.174913,0.074534,0.10037922859191895,0.254199,1.32164,0.280736,0.678605,,,4.63144,0.867352,0.401055,999,,,,,,,309.30000000000007,3.4752808988764055,318,3.5730337078651684,,,,,,,,,,,,,,,,,,,"Jose Urquidy","18413",664353
"Mason Montgomery","PIT",2.70539,1.6277,0,3.52987,56.845,0,2,12.1194,,59.4838,250.12,48.5083,25.02,23.33,5.51128,23.7219,1.44117,2.81693,70.484,10.6643,3.58916,2.97126,0.833866,0.281801,0.094842,0.18695872277021408,0.216961,1.21428,0.291336,0.731778,,,3.30821,0.863989,0.599234,999,,,,,,,352.4,5.972881355932203,334,5.661016949152542,,,,,,,,,,,,,,,,,,,"Mason Montgomery","29770",682254
"Aaron Civale","ATH",6.3092,8.702,9.12089,5.14986,22.044,22.044,0,0,,121.25,528.465,125.577,74.23,69.38,21.7411,41.4793,0.405908,6.03224,102.67,7.62085,3.07888,2.4752,1.61377,0.194279,0.0784901,0.11578899621963501,0.2611,1.37779,0.29123,0.679455,,,4.94816,0.863916,0.16768,999,,,,,,,362.20000000000005,2.9933884297520663,384,3.1735537190082646,,,,,,,,,,,,,,,,,,,"Aaron Civale","19479",650644
"Spencer Arrighetti","HOU",4.51039,6.37086,2.23766,4.67733,24.518,15.029,0,0.6558,,91.1866,395.644,80.974,50.52,47.39,13.3693,41.4417,1.01555,5.97173,90.3045,8.91293,4.09025,2.17907,1.31953,0.228247,0.104745,0.1235017329454422,0.23253,1.34248,0.276438,0.693313,,,4.62036,0.862662,0.458632,705.969970703125,,,,,,,345.9,3.801098901098901,329,3.6153846153846154,,,,,,,,,,,,,,,,,,,"Spencer Arrighetti","29921",681293
"Matt Svanson","STL",2.59077,1.84461,0,3.53964,57.12,0,6,13.3744,,63.8454,268.178,55.5302,26.79,25.11,5.17283,22.4228,1.74205,3.44477,63.7679,8.98907,3.16084,2.84389,0.729191,0.237782,0.0836116,0.15417030453681946,0.229169,1.22096,0.290462,0.72355,,,3.40632,0.838587,0.662594,593.6599731445312,,,,,,,401.5,6.2734375,390,6.09375,,,,,,,,,,,,,,,,,,,"Matt Svanson","29629",694335
"Josh Hader","HOU",2.35314,1.29431,0,3.12959,46.213,0,23,2.7697,,48.3993,194.679,31.7054,17.97,16.83,6.38229,16.7993,0.827538,3.09023,70.2579,13.0647,3.12388,4.1822,1.18681,0.36089,0.086292,0.2745983302593231,0.181392,1.00218,0.258006,0.771673,,,3.17899,0.831484,0.730811,122.58000183105469,,,,,,,405.20000000000005,8.441666666666668,369,7.6875,,,,,,,,,,,,,,,,,,,"Josh Hader","14212",623352
"Randy Vásquez","SDP",7.04626,10.0382,6.0649,5.11582,28.841,23.787,0,0.6537,,128.865,565.732,137.63,78.31,73.25,19.5008,45.3139,1.14003,6.67282,83.7959,5.85235,3.16475,1.84923,1.36195,0.148119,0.0800977,0.06802158057689667,0.267896,1.41966,0.287806,0.67227,,,5.01213,0.830416,0.200375,730.4199829101562,,,,,,,365.7999999999999,2.8356589147286813,401,3.108527131782946,,,,,,,,,,,,,,,,,,,"Randy Vasquez","24719",681190
"Jose A. Ferrer","SEA",2.4929,1.80293,0,3.48989,62.203,0,3,16.186,,64.833,269.184,59.7818,27.01,25.14,5.31941,16.6996,1.62573,3.8438,60.3929,8.38363,2.31821,3.61643,0.73843,0.224356,0.062038,0.1623179353773594,0.240435,1.17967,0.297726,0.716621,,,3.28933,0.822914,0.716448,999,,,,,,,399.5,6.1461538461538465,396,6.092307692307692,,,,,,,,,,,,,,,,,,,"Jose A. Ferrer","24017",678606
"Ryan Helsley","BAL",2.90546,1.7714,0,3.4901,59.747,0,29,3.4176,,62.0957,256.629,50.8534,25.73,24.08,6.72436,21.7992,1.35383,1.13266,67.8167,9.82919,3.15953,3.11097,0.974613,0.26426,0.0849446,0.1793154999613762,0.217604,1.17001,0.277269,0.741994,,,3.46654,0.800278,0.657801,86.25,,,,,,,464.0999999999999,7.48548387096774,443,7.145161290322581,,,,,,,,,,,,,,,,,,,"Ryan Helsley","18138",664854
"Anthony Kay","CHW",5.48654,9.49919,4.64267,5.06436,28.474,20.531,0,0.5969,,121.964,540.408,120.874,73.32,68.63,17.7941,56.9773,1.48131,6.69703,102.276,7.54718,4.20448,1.79503,1.31307,0.189257,0.105434,0.08382324874401093,0.253546,1.45823,0.289011,0.683481,,,4.92087,0.797386,0.234723,730.1799926757812,,,,,,,382.8000000000002,3.1377049180327883,392,3.2131147540983607,,,,,,,,,,,,,,,,,,,"Anthony Kay","20387",641743
"Kyle Freeland","COL",6.93687,12.1747,12.9595,5.81008,27.565,27.565,0,0,,158.249,699.774,192.622,109.89,102.16,30.9657,39.0525,0.626512,5.17799,115.974,6.59571,2.22101,2.96969,1.76109,0.16573,0.0558073,0.10992301255464554,0.293836,1.46399,0.317844,0.646681,,,5.05172,0.793165,-0.983703,999,,,,,,,386.1000000000001,2.44367088607595,487,3.0822784810126582,,,,,,,,,,,,,,,,,,,"Kyle Freeland","16256",607536
"Max Scherzer","TOR",4.44908,5.63801,2.16226,4.69301,22.643,14.321,0,0.6481,,82.7891,351.38,77.7847,45.98,43.17,15.5868,25.2719,0.767235,3.74997,76.7136,8.33954,2.7473,3.03553,1.69444,0.218321,0.0719218,0.14639930427074432,0.241299,1.24481,0.270358,0.70261,,,4.78109,0.791916,0.472588,644.4199829101562,,,,,,,285.6,3.440963855421687,278,3.3493975903614457,,,,,,,,,,,,,,,,,,,"Max Scherzer","3137",453286
"Phil Maton","CHC",2.75685,1.81475,0,3.49041,62.424,0,6,14.6034,,62.8636,261.556,48.6248,26.03,24.38,6.47657,23.1977,1.30826,5.56994,74.3694,10.6473,3.32115,3.20589,0.927232,0.284334,0.0886911,0.1956431046128273,0.20888,1.14251,0.277396,0.7297,,,3.48128,0.784658,0.711836,737.1900024414062,,,,,,,416.0000000000001,6.603174603174605,388,6.158730158730159,,,,,,,,,,,,,,,,,,,"Phil Maton","18064",664208
"Daniel Palencia","CHC",2.6941,1.84351,0,3.60981,61.541,0,29,3.3517,,63.876,268.027,50.5965,27.41,25.62,6.64104,26.7529,1.327,3.1434,74.4859,10.4949,3.76942,2.78422,0.935709,0.277904,0.099814,0.17809034883975983,0.212473,1.21093,0.279964,0.733842,,,3.55862,0.781813,0.6623,100.05000305175781,,,,,,,469.9,7.3421875,444,6.9375,,,,,,,,,,,,,,,,,,,"Daniel Palencia","27914",694037
"Orion Kerkering","PHI",2.6471,1.57763,0,3.53076,62.394,0.079,2,12.7283,,62.7061,260.194,52.7525,26.43,24.6,6.24108,19.8666,1.28582,3.51052,64.335,9.23379,2.85139,3.23835,0.895761,0.247257,0.076353,0.17090445011854172,0.222757,1.15809,0.279783,0.723043,,,3.49548,0.776285,0.711836,999,,,,,,,372.6,5.914285714285715,355,5.634920634920635,,,,,,,,,,,,,,,,,,,"Orion Kerkering","31776",689147
"Miles Mikolas","WSN",6.23381,11.4139,10.8991,5.23987,25.659,25.659,0,0,,142.475,618.255,157.49,88.81,82.95,25.0697,37.4961,0.476866,5.17756,86.4767,5.46265,2.36859,2.30628,1.58363,0.139872,0.0606483,0.0792238898575306,0.273618,1.36856,0.285366,0.664063,,,5.10723,0.775357,-0.00417104,999,,,,,,,381.09999999999997,2.6838028169014083,431,3.035211267605634,,,,,,,,,,,,,,,,,,,"Miles Mikolas","9803",571945
"Alex Vesia","LAD",3.45038,1.41266,0,3.54013,60.539,0,2,17.9778,,60.2774,246.328,44.0989,25.4,23.71,8.61224,21.7706,1.50131,2.31106,73.4539,10.9674,3.25056,3.374,1.28589,0.298195,0.0883804,0.20981501042842865,0.198424,1.09277,0.25315,0.752048,,,3.75388,0.760921,0.653132,744.0800170898438,,,,,,,374.9,6.248333333333333,339,5.65,,,,,,,,,,,,,,,,,,,"Alex Vesia","25007",681911
"Tyler Anderson","LAA",5.09993,6.78197,4.66928,4.74136,17.972,15.033,0,0,,86.0449,370.545,81.4537,48.49,45.33,13.9138,32.5498,0.786983,3.24539,67.9904,7.11156,3.4046,2.08881,1.45533,0.183488,0.0878431,0.09564448893070221,0.243327,1.32493,0.267119,0.693087,,,4.90496,0.760756,0.523488,999,,,,,,,281.6,3.274418604651163,276,3.2093023255813953,,,,,,,,,,,,,,,,,,,"Tyler Anderson","12880",542881
"Luis Gil","NYY",4.74463,5.62219,0.831111,4.54142,36.948,13.203,0,0.691,,97.2251,423.91,83.4211,52.07,49.06,13.1966,50.8845,1.43177,4.68083,91.6031,8.47958,4.71032,1.80022,1.22159,0.216091,0.120036,0.09605473279953003,0.226476,1.38139,0.266461,0.709966,,,4.72984,0.748163,0.57609,333.3699951171875,,,,,,,362.1000000000001,3.7329896907216504,336,3.463917525773196,,,,,,,,,,,,,,,,,,,"Luis Gil","21052",661563
"Brad Lord","WSN",3.35791,7.07219,0.962469,4.84661,38.051,13.362,1,14.1502,,98.735,430.037,101.823,57,53.17,14.374,35.2604,1.46901,4.25585,81.2294,7.40431,3.21409,2.3037,1.31024,0.188889,0.0819939,0.10689546912908554,0.260738,1.3884,0.296522,0.68471,,,4.58297,0.743293,0.186611,999,,,,,,,401.2000000000001,4.052525252525253,419,4.232323232323233,,,,,,,,,,,,,,,,,,,"Brad Lord","31972",695418
"Tyler Holton","DET",2.5939,1.92379,0,3.44195,61.98,0.537,1,13.7777,,68.1677,277.966,59.1649,28.08,26.07,7.18094,16.2421,1.18308,2.4606,55.1159,7.2768,2.1444,3.39339,0.94808,0.198283,0.0584319,0.13985062018036842,0.228204,1.1062,0.263922,0.724167,,,3.71061,0.717648,0.826788,999,,,,,,,380.70000000000005,5.598529411764707,366,5.382352941176471,,,,,,,,,,,,,,,,,,,"Tyler Holton","26231",663947
"Trevor Megill","MIL",3.03087,1.86723,0,3.77996,60.426,0,19,8.9471,,62.3102,258.965,51.0518,28.07,26.17,8.09621,21.355,1.62162,2.05107,71.2485,10.291,3.08448,3.33639,1.16941,0.275128,0.0824627,0.19266505539417267,0.216726,1.16204,0.274979,0.725975,,,3.66429,0.716826,0.451009,141.8300018310547,,,,,,,431.79999999999995,6.9645161290322575,410,6.612903225806452,,,,,,,,,,,,,,,,,,,"Trevor Megill","17722",656730
"Ryan Walker","SFG",2.36121,1.8234,0,3.89944,59.578,0.176,23,4.4188,,61.3473,263.51,58.3833,28.6,26.58,5.09156,21.7486,1.23508,4.49448,62.1029,9.11086,3.19065,2.85549,0.746961,0.235675,0.0825341,0.15314126014709473,0.246066,1.3062,0.313347,0.705881,,,3.47278,0.71063,0.294307,152.85000610351562,,,,,,,416.1000000000001,6.821311475409837,417,6.836065573770492,,,,,,,,,,,,,,,,,,,"Ryan Walker","20423",676254
"Logan Allen","CLE",5.78682,9.55619,6.29631,5.1022,24.392,20.859,0,0.679,,115.115,504.671,118.165,70.18,65.26,19.5963,44.6193,0.7946,5.30564,90.5316,7.07801,3.48846,2.02898,1.53209,0.179388,0.0884127,0.09097486734390259,0.259848,1.4141,0.286023,0.684186,,,5.07636,0.709336,0.15162,999,,,,,,,334.2,2.906086956521739,351,3.0521739130434784,,,,,,,,,,,,,,,,,,,"Logan Allen","27589",671106
"David Festa","MIN",2.25536,3.3567,0.418156,4.3717,18.199,7.145,1,0.6406,,49.1205,210.268,45.7847,25.54,23.86,6.45757,18.0438,0.735314,2.09895,49.2846,9.03007,3.30603,2.73139,1.18317,0.23439,0.0858134,0.14857644587755203,0.240814,1.29943,0.29265,0.698849,,,4.06769,0.7071,0.333086,999,,,,,,,216.20000000000002,4.412244897959184,214,4.36734693877551,,,,,,,,,,,,,,,,,,,"David Festa","30056",701581
"A.J. Minter","NYM",2.43379,1.41984,0,3.60091,47.275,0,1,13.7055,,47.613,196.499,39.4277,20.48,19.05,5.1854,14.9695,0.926703,2.05676,53.2047,10.057,2.82959,3.55421,0.980166,0.270763,0.0761808,0.19458194077014923,0.219686,1.14249,0.282801,0.719535,,,3.38884,0.698446,0.52261,999,,,,,,,308.30000000000007,6.422916666666668,291,6.0625,,,,,,,,,,,,,,,,,,,"A.J. Minter","18655",621345
"Fernando Cruz","NYY",3.07829,1.47776,0,3.40136,56.303,0.065,2,15.9832,,57.4182,238.095,40.3233,23.13,21.7,6.80852,26.0505,0.906292,3.0346,79.1609,12.4081,4.08327,3.03875,1.0672,0.332476,0.109412,0.2230638787150383,0.192925,1.15597,0.272387,0.760773,,,3.43894,0.696411,0.698433,999,,,,,,,376.69999999999993,6.60877192982456,339,5.947368421052632,,,,,,,,,,,,,,,,,,,"Fernando Cruz","7048",518585
"Camilo Doval","NYY",3.2816,1.60874,0,3.44982,60.749,0,5,13.7505,,61.725,259.804,48.9347,25.29,23.66,4.88927,27.3938,1.55312,3.6193,66.3908,9.68031,3.99423,2.42357,0.712895,0.255541,0.10544,0.1501014307141304,0.213884,1.23659,0.279634,0.734541,,,3.52101,0.688877,0.761515,684.5800170898438,,,,,,,389.9,6.288709677419354,365,5.887096774193548,,,,,,,,,,,,,,,,,,,"Camilo Doval","21992",666808
"Jonathan Cannon","CHW",3.4048,6.40848,0.954524,4.90033,28.586,13.209,0,0.5969,,90.4898,393.325,91.6152,52.73,49.27,13.4674,32.1735,1.33089,4.31717,66.4122,6.60527,3.19993,2.06419,1.33945,0.168848,0.0817987,0.0870494693517685,0.256744,1.36798,0.282168,0.677173,,,4.81183,0.687559,0.127328,999,,,,,,,294.90000000000003,3.276666666666667,309,3.433333333333333,,,,,,,,,,,,,,,,,,,"Jonathan Cannon","31730",686563
"Raisel Iglesias","ATL",2.41083,1.60912,0,3.89063,61.682,0,26,4.4493,,63.036,261.939,57.5944,29.16,27.25,8.04041,16.2887,1.43236,1.96886,65.1105,9.29618,2.32562,3.99729,1.14797,0.248572,0.062185,0.18638653680682182,0.236352,1.17208,0.290588,0.714124,,,3.59641,0.686435,0.401753,102.25,,,,,,,439.00000000000006,6.968253968253969,433,6.873015873015873,,,,,,,,,,,,,,,,,,,"Raisel Iglesias","17130",628452
"José Alvarado","PHI",2.26993,1.42387,0,3.74057,55.838,0,4,12.2601,,56.5663,240.89,50.3097,25.35,23.51,4.62182,22.5538,1.29392,3.41924,60.8577,9.68278,3.58843,2.69833,0.735356,0.252636,0.093627,0.15900949388742447,0.234089,1.28811,0.305732,0.715641,,,3.42307,0.666707,0.491205,747.6900024414062,,,,,,,342.29999999999995,6.005263157894736,332,5.824561403508772,,,,,,,,,,,,,,,,,,,"Jose Alvarado","17780",621237
"Pete Fairbanks","MIA",2.21013,1.78372,0,3.83007,58.191,0,26,4.1124,,59.6856,250.151,52.8321,27.34,25.4,6.13772,20.423,1.16727,2.3375,59.0262,8.90056,3.07959,2.89018,0.925508,0.235962,0.0816427,0.1543196216225624,0.232341,1.22735,0.287835,0.710075,,,3.6381,0.664309,0.446444,112.19000244140625,,,,,,,430.40000000000003,7.173333333333334,420,7,,,,,,,,,,,,,,,,,,,"Pete Fairbanks","17998",664126
"Davis Martin","CHW",7.18847,11.2535,11.8577,5.21994,26.657,26.657,0,0,,151.226,661.21,155.661,93.74,87.71,26.3559,56.2426,0.51739,7.10444,110.125,6.55394,3.3472,1.95804,1.56853,0.166551,0.0850602,0.08149082213640213,0.260362,1.40124,0.280256,0.6752,,,5.20103,0.661625,0.056916,999,,,,,,,423.0000000000001,2.801324503311259,448,2.966887417218543,,,,,,,,,,,,,,,,,,,"Davis Martin","21448",663436
"Corbin Burnes","ARI",2.43369,2.11092,2.68334,3.90902,5.981,5.86,0,0,,35.2262,147.888,32.4089,16.34,15.3,3.59061,11.1297,0.140363,1.58583,31.5354,8.05704,2.84355,2.83345,0.917372,0.213238,0.0752575,0.13798054307699203,0.239759,1.23597,0.288048,0.706242,,,3.75268,0.658461,0.587342,733.1500244140625,,,,,,,151.60000000000002,4.331428571428572,148,4.228571428571429,,,,,,,,,,,,,,,,,,,"Corbin Burnes","19361",669203
"Jonah Tong","NYM",1.70762,1.88245,0.22173,3.57222,11.262,4.9,0,0.7173,,31.0899,129.523,24.8786,13.19,12.34,3.33098,12.4548,0.421298,0.979368,36.6506,10.6097,3.60546,2.94269,0.964263,0.282966,0.0961593,0.18680714815855026,0.214307,1.20082,0.283122,0.739008,,,3.46657,0.651786,0.581925,697.6400146484375,,,,,,,166.49999999999997,5.370967741935483,155,5,,,,,,,,,,,,,,,,,,,"Jonah Tong","32157",804636
"Hurston Waldrep","ATL",3.32357,3.56737,3.58358,4.56052,9.535,9.264,0,0,,51.3099,221.828,51.0002,27.67,26,5.65265,19.9572,0.203255,1.90913,43.1864,7.5751,3.50058,2.16396,0.991501,0.194684,0.0899668,0.10471747815608978,0.25505,1.38292,0.300071,0.686625,,,4.16243,0.646082,0.365076,747.6799926757812,,,,,,,191.00000000000003,3.7450980392156867,197,3.8627450980392157,,,,,,,,,,,,,,,,,,,"Hurston Waldrep","33527",694462
"Eduard Bazardo","SEA",2.38391,1.89906,0,3.91035,59.925,0,1,14.0319,,63.5007,266.423,56.2674,29.52,27.59,7.24811,21.5757,1.29982,1.87986,64.2824,9.11079,3.05794,2.97939,1.02728,0.241279,0.0809829,0.16029635071754456,0.231584,1.22586,0.285931,0.713828,,,3.70249,0.643233,0.35262,999,,,,,,,358.9,5.6078125,346,5.40625,,,,,,,,,,,,,,,,,,,"Eduard Bazardo","20997",660825
"Shawn Armstrong","CLE",2.41044,2.28015,0,3.97119,62.839,0.393,3,16.4258,,66.1539,278.962,60.1324,31.23,29.19,7.36233,21.8146,0.934018,2.48166,62.7336,8.53468,2.96779,2.87577,1.00162,0.224882,0.0781989,0.14668314158916473,0.236123,1.23873,0.285908,0.707945,,,3.78713,0.641685,0.3572,747.530029296875,,,,,,,379.30000000000007,5.746969696969698,372,5.636363636363637,,,,,,,,,,,,,,,,,,,"Shawn Armstrong","12857",542888
"Ben Brown","CHC",1.74572,1.91425,0,4.08082,38.456,2.057,0,7.5148,,57.4076,243.639,50.932,27.89,26.03,7.29328,21.7136,1.58441,1.84394,61.3322,9.61527,3.40412,2.82459,1.14339,0.251734,0.0891223,0.16261201351881027,0.231424,1.26544,0.288129,0.716835,,,3.88105,0.638883,0.306431,730.6099853515625,,,,,,,285.0999999999999,5.001754385964911,276,4.842105263157895,,,,,,,,,,,,,,,,,,,"Ben Brown","23590",676962
"Andrew Kittredge","BAL",2.63909,1.59967,0,3.53004,54.6,0,5,11.9401,,56.039,228.646,48.7652,23.48,21.98,6.39988,14.0884,1.05908,1.36495,55.9802,8.99055,2.26263,3.9735,1.02784,0.244833,0.0616165,0.1832163855433464,0.228737,1.1216,0.280913,0.730578,,,3.44917,0.637997,0.64428,743.9299926757812,,,,,,,353.20000000000005,6.307142857142858,342,6.107142857142857,,,,,,,,,,,,,,,,,,,"Andrew Kittredge","12828",552640
"Will Vest","DET",2.43213,1.84686,0,3.74,61.52,0.063,7,11.5243,,64.2994,269.625,57.9781,28.74,26.72,6.81613,20.98,1.10682,2.26092,63.5735,8.8984,2.93657,3.0302,0.954055,0.235785,0.0778117,0.15797343105077744,0.235316,1.22798,0.290703,0.723442,,,3.62014,0.636339,0.455577,507.989990234375,,,,,,,378.7,5.9171875,371,5.796875,,,,,,,,,,,,,,,,,,,"Will Vest","19769",676684
"Graham Ashcraft","CIN",2.05198,1.59977,0,3.68307,54.025,0.271,2,15.586,,61.9211,260.573,56.2317,27.15,25.34,5.44303,21.2895,1.45206,2.65731,54.6329,7.94068,3.09435,2.56619,0.791124,0.209664,0.0817025,0.1279616877436638,0.237639,1.25194,0.287672,0.720608,,,3.67347,0.628643,0.55452,999,,,,,,,363.69999999999993,5.866129032258064,357,5.758064516129032,,,,,,,,,,,,,,,,,,,"Graham Ashcraft","27552",668933
"Bennett Sousa","HOU",2.38983,1.531,0,3.78023,50.164,0,1,0.6558,,53.5205,223.256,46.162,24.11,22.48,6.27123,17.9147,1.41905,1.40012,59.1883,9.95309,3.01253,3.3039,1.05457,0.265114,0.0802426,0.18487094342708588,0.226349,1.19724,0.288057,0.722764,,,3.52926,0.626417,0.432824,999,,,,,,,276.20000000000005,5.114814814814816,262,4.851851851851852,,,,,,,,,,,,,,,,,,,"Bennett Sousa","21345",656986
"Erik Sabrowski","CLE",2.31835,1.84724,0,3.53036,57.448,0,2,14.0007,,59.0422,247.542,40.8268,24.68,23.16,6.79935,29.6619,1.2705,3.63887,73.3085,11.1747,4.52146,2.47147,1.03645,0.296146,0.119826,0.17632000148296356,0.190565,1.19387,0.253684,0.751337,,,3.84102,0.625289,0.599234,999,,,,,,,353.9,5.998305084745763,314,5.322033898305085,,,,,,,,,,,,,,,,,,,"Erik Sabrowski","24978",681870
"Chase Dollander","COL",5.26289,9.91818,8.69585,5.78007,22.669,22.669,0,0,,118.727,536.954,132.437,81.35,76.25,18.8501,52.1895,0.40839,7.05961,100.2,7.59555,3.95618,1.91992,1.42892,0.186608,0.0971954,0.08941218256950378,0.277236,1.55505,0.316702,0.652672,,,5.00833,0.623216,-0.591177,740.530029296875,,,,,,,326.6999999999999,2.7453781512605033,371,3.1176470588235294,,,,,,,,,,,,,,,,,,,"Chase Dollander","33482",801403
"Payton Tolle","BOS",2.4051,2.79618,0.32595,4.04261,22.597,5.923,0,0.676,,49.0228,206.412,42.1419,23.65,22.02,7.01798,18.0136,0.84438,1.79219,53.609,9.84197,3.30707,2.97604,1.28842,0.259719,0.0872701,0.1724487990140915,0.225834,1.22709,0.278808,0.725318,,,4.02111,0.62189,0.476901,654.5599975585938,,,,,,,219.3,4.475510204081633,206,4.204081632653061,,,,,,,,,,,,,,,,,,,"Payton Tolle","35466",801139
"Tanner Scott","LAD",3.3245,1.4353,0,3.75943,61.293,0,5,14.7389,,62.7462,264.907,52.931,28.2,26.21,7.07433,24.3153,1.42672,3.65789,69.8179,10.0143,3.48766,2.87136,1.01471,0.263556,0.0917879,0.17176848649978638,0.2234,1.23109,0.28653,0.728314,,,3.71286,0.621292,0.504884,718.8200073242188,,,,,,,383.3,6.084126984126985,365,5.7936507936507935,,,,,,,,,,,,,,,,,,,"Tanner Scott","17586",656945
"Erick Fedde","CHW",4.43231,7.76139,4.50088,5.32568,21.249,16.478,0,0.5969,,95.6329,421.198,102.138,60.22,56.59,14.2921,37.8593,0.702332,2.42496,65.8819,6.20014,3.56293,1.74018,1.34503,0.156416,0.0898848,0.06653065979480743,0.268139,1.4639,0.292098,0.664875,,,4.96386,0.620073,-0.0529492,999,,,,,,,289.00000000000006,3.0104166666666674,314,3.2708333333333335,,,,,,,,,,,,,,,,,,,"Erick Fedde","17425",607200
"Josiah Gray","WSN",4.35409,7.28746,7.3132,4.96015,16.801,16.801,0,0,,94.9689,411.781,89.9106,55.92,52.34,16.418,39.1861,0.358467,4.20514,76.8243,7.28047,3.71358,1.9605,1.5559,0.186566,0.0951625,0.09140347689390182,0.244064,1.35936,0.267103,0.689621,,,5.13536,0.608229,0.330054,999,,,,,,,297.20000000000005,3.1284210526315794,292,3.0736842105263156,,,,,,,,,,,,,,,,,,,"Josiah Gray","24580",680686
"Garrett Cleavinger","TBR",2.86786,1.91477,0,3.70073,61.782,0,8,13.4459,,61.2852,258.04,50.5635,27.08,25.2,6.82079,22.7436,1.12417,5.06952,71.7233,10.5329,3.33999,3.15357,1.00166,0.277955,0.0881398,0.1898149698972702,0.219625,1.19616,0.288383,0.72504,,,3.60283,0.606143,0.500247,517.9500122070312,,,,,,,384.70000000000005,6.306557377049181,366,6,,,,,,,,,,,,,,,,,,,"Garrett Cleavinger","17897",664076
"Andrew Nardi","MIA",1.98841,1.52351,0,3.65932,51.846,0,1,9.8362,,51.1817,214.092,42.182,22.4,20.81,6.16141,19.1088,1.13583,2.13559,61.1576,10.7542,3.36017,3.20049,1.08345,0.28566,0.089255,0.19640502333641052,0.218732,1.19751,0.286951,0.738459,,,3.55553,0.60565,0.477515,999,,,,,,,298.40000000000003,5.850980392156863,281,5.509803921568627,,,,,,,,,,,,,,,,,,,"Andrew Nardi","25942",677053
"Stephen Kolek","KCR",2.75474,3.94425,0.512134,4.55786,29.109,8.076,0,0.663,,67.6502,294.64,70.3691,36.7,34.26,7.20039,23.179,1.1087,4.31819,49.0596,6.52676,3.08367,2.11656,0.957921,0.166507,0.0786689,0.08783822506666183,0.263414,1.38282,0.299545,0.68108,,,4.28779,0.600158,0.297818,999,,,,,,,256.1,3.7661764705882357,270,3.9705882352941178,,,,,,,,,,,,,,,,,,,"Stephen Kolek","21487",663568
"Hunter Harvey","CHC",2.16451,1.46883,0,3.67988,49.691,0,4,13.3662,,52.0696,214.636,43.9001,22.77,21.29,5.99835,15.7649,0.96162,2.01209,56.0265,9.68394,2.7249,3.55387,1.03679,0.26103,0.0734495,0.18758069723844528,0.223003,1.14587,0.281099,0.71966,,,3.50496,0.598484,0.428214,747.6099853515625,,,,,,,326.6,6.2807692307692315,312,6,,,,,,,,,,,,,,,,,,,"Hunter Harvey","15507",640451
"JoJo Romero","STL",2.75503,1.98839,0,3.7093,61.295,0,12,9.4502,,61.3378,258.834,55.6841,27.06,25.28,5.17422,21.676,1.29911,2.93283,55.4242,8.13231,3.18048,2.55694,0.759206,0.21413,0.0837446,0.13038571178913116,0.237737,1.26121,0.290911,0.717382,,,3.62819,0.587801,0.500274,465.5,,,,,,,375.30000000000007,6.152459016393443,371,6.081967213114754,,,,,,,,,,,,,,,,,,,"JoJo Romero","19574",668941
"Robert Suarez","ATL",2.49754,1.71535,0,3.97963,63.849,0,11,10.9338,,65.6066,275.038,59.4049,31.08,29.01,8.32415,21.0412,1.46981,1.34206,65.7696,9.02236,2.88646,3.12576,1.14192,0.239129,0.0765028,0.16262618452310562,0.235123,1.22619,0.286069,0.717611,,,3.80312,0.578548,0.357192,209.72999572753906,,,,,,,401.60000000000014,6.084848484848487,391,5.924242424242424,,,,,,,,,,,,,,,,,,,"Robert Suarez","30115",663158
"Ryan Feltner","COL",4.12116,8.53367,2.88693,5.57065,26.702,16.974,0,0.6093,,99.7316,447.381,111.627,65.76,61.73,13.9641,41.9169,1.2706,3.89375,73.3438,6.61871,3.78267,1.74974,1.26015,0.16394,0.0936939,0.07024651020765305,0.277975,1.53957,0.310767,0.655131,,,4.86255,0.570636,-0.442261,999,,,,,,,288.59999999999997,2.8859999999999997,330,3.3,,,,,,,,,,,,,,,,,,,"Ryan Feltner","21446",663372
"Luke Weaver","NYM",3.13194,1.87651,0,3.78216,59.736,0.212,5,14.4654,,66.8665,276.684,54.8386,30.1,28.1,9.22127,22.3448,1.20043,1.63518,69.6391,9.37319,3.00753,3.11657,1.24115,0.251692,0.0807592,0.17093241959810257,0.217007,1.15429,0.262404,0.732546,,,3.92085,0.570542,0.514132,737.2100219726562,,,,,,,391.0999999999999,5.83731343283582,367,5.477611940298507,,,,,,,,,,,,,,,,,,,"Luke Weaver","16918",596133
"Alek Manoah","LAA",3.99501,5.84918,5.73104,4.86972,14.481,14.481,0,0,,78.676,341.973,75.9096,45.46,42.57,12.5252,30.4372,0.278918,5.72119,64.4616,7.37397,3.48181,2.11785,1.4328,0.188499,0.0890047,0.09949427843093872,0.248221,1.35171,0.276996,0.685574,,,4.94484,0.5579,0.424894,744.0599975585938,,,,,,,247.10000000000005,3.1278481012658235,246,3.1139240506329116,,,,,,,,,,,,,,,,,,,"Alek Manoah","26410",666201
"Edwin Uceta","TBR",2.65807,1.91844,0,3.96972,57.623,0,10,10.3826,,61.7348,261.058,50.8686,29.23,27.23,8.55891,24.442,1.88387,3.66823,74.2956,10.8312,3.56327,3.03967,1.24776,0.284595,0.0936268,0.1909678429365158,0.218369,1.2199,0.28189,0.727648,,,3.89654,0.556471,0.348032,547.2100219726562,,,,,,,369.5,5.959677419354839,347,5.596774193548387,,,,,,,,,,,,,,,,,,,"Edwin Uceta","20539",670955
"Jason Adam","SDP",2.25113,1.44472,0,3.53064,50.318,0,1,14.8719,,51.7979,213.463,40.0898,21.73,20.32,5.75277,18.1114,1.26789,3.19827,53.9406,9.3723,3.1469,2.97827,0.999557,0.252693,0.0848458,0.1678474098443985,0.208635,1.12362,0.259226,0.727281,,,3.73041,0.550195,0.531663,999,,,,,,,317,6.096153846153846,292,5.615384615384615,,,,,,,,,,,,,,,,,,,"Jason Adam","11861",592094
"Tyler Kinley","ATL",2.31845,1.55762,0,3.91982,58.548,0,2,13.3846,,59.49,250.388,50.2045,27.68,25.91,6.8941,23.0363,1.36931,1.99917,62.735,9.49092,3.48507,2.72331,1.04298,0.250551,0.0920026,0.15854867547750473,0.222782,1.23115,0.278124,0.716488,,,3.79508,0.547087,0.289705,999,,,,,,,333.5,5.6525423728813555,317,5.372881355932203,,,,,,,,,,,,,,,,,,,"Tyler Kinley","18297",641755
"Caleb Thielbar","CHC",2.72245,1.94135,0,3.82945,62.041,0,2,15.1395,,59.8362,248.13,51.1704,27.32,25.46,7.6425,18.3734,1.06272,2.4037,57.3869,8.63159,2.76356,3.12336,1.14951,0.231277,0.0740475,0.15722966939210892,0.22507,1.16224,0.268155,0.717552,,,3.91911,0.544645,0.446359,999,,,,,,,337,5.616666666666666,320,5.333333333333333,,,,,,,,,,,,,,,,,,,"Caleb Thielbar","10078",573204
"Justin Bruihl","STL",2.10964,1.49639,0,3.64968,46.805,0,0,9.8943,,47.3959,199.875,41.9265,20.6,19.22,3.51523,15.3168,1.86822,4.46788,44.6302,8.47482,2.9085,2.91381,0.667506,0.22329,0.0766316,0.14665859192609787,0.232808,1.20777,0.291115,0.700342,,,3.46832,0.54371,0.365153,999,,,,,,,262.40000000000003,5.582978723404256,256,5.446808510638298,,,,,,,,,,,,,,,,,,,"Justin Bruihl","23779",677865
"Ryan Bergert","KCR",2.74297,4.03114,0.545789,4.49127,23.039,8.969,0,0.663,,60.1366,258.376,55.5193,32.06,30.01,8.73896,23.9245,0.910765,1.87746,53.8562,8.06009,3.58052,2.2511,1.30787,0.208441,0.0925955,0.11584580689668655,0.238717,1.32106,0.275213,0.705019,,,4.52031,0.540727,0.392418,999,,,,,,,221.70000000000002,3.6950000000000003,217,3.6166666666666667,,,,,,,,,,,,,,,,,,,"Ryan Bergert","29863",686701
"Angel Zerpa","MIL",2.83519,1.73084,0,3.65934,57.106,0.18,0,11.5914,,58.9779,247.625,54.3221,25.83,23.98,5.37803,17.292,1.22778,4.40171,53.2044,8.11896,2.63875,3.07683,0.820685,0.214859,0.0698313,0.14502735435962677,0.240436,1.21425,0.292467,0.714429,,,3.61984,0.540129,0.495783,999,,,,,,,325.70000000000005,5.5203389830508485,321,5.440677966101695,,,,,,,,,,,,,,,,,,,"Angel Zerpa","22717",672582
"Brant Hurter","DET",1.63322,1.23397,0,3.68195,41.405,0.081,0,6.2689,,48.9849,207.06,44.6163,21.55,20.04,4.03815,13.974,1.47987,5.59382,46.4722,8.53833,2.56745,3.32561,0.741929,0.224438,0.0674877,0.15695030987262726,0.237963,1.19609,0.29623,0.699707,,,3.5078,0.539041,0.369928,999,,,,,,,252.40000000000003,5.151020408163266,249,5.081632653061225,,,,,,,,,,,,,,,,,,,"Brant Hurter","30133",676428
"Blake Treinen","LAD",2.97859,1.33558,0,3.9,55.401,0,1,11.5421,,56.0307,235.929,49.4794,26.06,24.28,6.03305,19.8141,1.20897,2.62412,56.6499,9.09947,3.18267,2.85907,0.969067,0.240114,0.0839834,0.15613068640232086,0.231763,1.23671,0.28809,0.710526,,,3.71419,0.538313,0.334238,999,,,,,,,311.20000000000005,5.557142857142858,300,5.357142857142857,,,,,,,,,,,,,,,,,,,"Blake Treinen","12572",595014
"Hunter Gaddis","CLE",2.38674,2.1217,0,3.87229,60.87,0.158,4,12.468,,64.6129,269.777,54.6785,29.73,27.8,8.56837,21.5162,1.42591,3.06835,64.1716,8.93854,2.99702,2.98248,1.1935,0.237869,0.0797554,0.15811340510845184,0.223002,1.17925,0.267378,0.723761,,,4.01421,0.537489,0.406376,747.5599975585938,,,,,,,348.3,5.358461538461539,329,5.061538461538461,,,,,,,,,,,,,,,,,,,"Hunter Gaddis","25636",683769
"Aaron Bummer","ATL",2.14883,1.53912,0,4.0896,56.508,0.127,0,12.1178,,60.1013,257.545,56.0538,29.36,27.31,4.80844,20.4456,1.51316,6.88143,58.818,8.80784,3.06168,2.8768,0.72005,0.22838,0.0793867,0.1489930897951126,0.243482,1.27284,0.307611,0.675664,,,3.58196,0.53739,0.240678,999,,,,,,,321.9,5.364999999999999,320,5.333333333333333,,,,,,,,,,,,,,,,,,,"Aaron Bummer","16258",607481
"Matt Strahm","KCR",2.59595,1.96947,0,4.0711,60.4,0.12,3,16.079,,62.3861,260.153,53.601,30.21,28.22,9.35774,17.3331,1.09558,4.13189,65.148,9.39844,2.50052,3.75859,1.34998,0.250422,0.0666266,0.18379568308591843,0.224566,1.13702,0.269477,0.704164,,,4.02876,0.530622,0.245277,726.5800170898438,,,,,,,353.69999999999993,5.704838709677419,339,5.467741935483871,,,,,,,,,,,,,,,,,,,"Matt Strahm","13799",621381
"Tommy Nance","TOR",2.40639,1.2801,0,3.72918,50.815,0,0,11.6938,,53.9154,225.88,47.3959,23.93,22.34,5.3547,18.408,1.2195,2.63034,53.7727,8.97618,3.07282,2.92116,0.893851,0.238058,0.0814945,0.15656381100416183,0.231378,1.2205,0.288518,0.718159,,,3.60218,0.53003,0.432794,999,,,,,,,308.90000000000003,5.720370370370371,298,5.518518518518518,,,,,,,,,,,,,,,,,,,"Tommy Nance","19178",667297
"Brendon Little","TOR",2.56312,1.16549,0,3.12007,52.361,0,0,9.6236,,51.6911,217.038,40.6931,19.22,17.92,3.58294,24.356,1.48091,2.8604,56.4526,9.82902,4.24065,2.31781,0.62383,0.260105,0.11222,0.14788488298654556,0.214376,1.25842,0.285934,0.763399,,,3.43155,0.529578,0.843626,747.5999755859375,,,,,,,300,5.769230769230769,279,5.365384615384615,,,,,,,,,,,,,,,,,,,"Brendon Little","21574",663893
"Brusdar Graterol","LAD",2.21309,0.864231,0,3.31039,39.774,0,0,0.7772,,41.0526,169.666,38.1298,16.21,15.1,2.52084,9.88976,0.965185,2.20263,29.7162,6.51471,2.16814,3.00474,0.552646,0.175146,0.0582897,0.116855937987566,0.241982,1.16971,0.284108,0.714976,,,3.36936,0.524608,0.558977,999,,,,,,,195.70000000000005,4.773170731707318,194,4.7317073170731705,,,,,,,,,,,,,,,,,,,"Brusdar Graterol","20367",660813
"Robert Garcia","TEX",2.74441,1.79901,0,3.87067,61.228,0,18,6.1873,,60.3617,252.625,53.3242,27.84,25.96,7.5426,19.4233,1.80684,2.41242,63.0657,9.40317,2.89604,3.2469,1.12461,0.249641,0.0768859,0.17275533080101013,0.231051,1.20519,0.285811,0.722127,,,3.75523,0.523131,0.343393,236.5399932861328,,,,,,,384.8,6.413333333333333,373,6.216666666666667,,,,,,,,,,,,,,,,,,,"Robert Garcia","23363",676395
"Chris Martin","TEX",2.2769,1.47505,0,3.81019,50.54,0,8,11.9724,,51.399,210.623,47.9498,23.33,21.76,6.35702,9.43376,1.21437,2.23004,46.156,8.08195,1.65186,4.89264,1.11312,0.21914,0.0447897,0.17435047030448914,0.241003,1.11643,0.284014,0.702371,,,3.62776,0.518595,0.374284,684.8599853515625,,,,,,,325.8,6.3882352941176475,324,6.352941176470588,,,,,,,,,,,,,,,,,,,"Chris Martin","11847",455119
"Ryan Yarbrough","NYY",2.34293,2.11128,0,4.15434,41.916,2.604,0,7.1865,,63.2375,266.741,57.8588,31.32,29.19,8.30997,18.136,1.51365,5.22778,54.126,7.70324,2.58113,2.98445,1.18268,0.202916,0.067991,0.13492465764284134,0.237733,1.20174,0.273839,0.69413,,,4.24,0.514288,0.371333,999,,,,,,,284.00000000000006,4.507936507936509,278,4.412698412698413,,,,,,,,,,,,,,,,,,,"Ryan Yarbrough","16502",642232
"Braydon Fisher","TOR",2.40543,1.23792,0,3.5108,49.013,0.091,1,6.7398,,50.4501,212.142,38.2528,21.03,19.68,5.24963,23.8191,2.11032,1.89539,58.5799,10.4503,4.24919,2.45937,0.936503,0.276136,0.112279,0.16385642439126968,0.205189,1.23036,0.269199,0.750001,,,3.69468,0.513928,0.527106,999,,,,,,,282.7,5.654,258,5.16,,,,,,,,,,,,,,,,,,,"Braydon Fisher","24609",680755
"Jordan Montgomery","TEX",2.36912,3.35632,1.16291,4.6324,15.175,7.726,0,0.6445,,51.3686,220.488,51.8778,28.28,26.44,6.83241,16.6765,0.815332,1.67792,38.831,6.80336,2.9218,2.32848,1.19707,0.176114,0.0756346,0.10047927498817444,0.256651,1.33456,0.287885,0.682744,,,4.4243,0.512504,0.298733,999,,,,,,,181.10000000000008,3.5509803921568643,189,3.7058823529411766,,,,,,,,,,,,,,,,,,,"Jordan Montgomery","16511",656756
"Kody Funderburk","MIN",2.84893,1.90996,0,3.90955,57.014,0,3,14.8124,,60.9124,261.445,55.8559,28.43,26.46,4.63051,24.4802,1.40034,4.11044,55.0836,8.13878,3.61702,2.25013,0.684173,0.210689,0.0936343,0.11705518513917923,0.239875,1.31888,0.295861,0.702826,,,3.72289,0.508947,0.39722,747.5800170898438,,,,,,,345.30000000000007,5.66065573770492,341,5.590163934426229,,,,,,,,,,,,,,,,,,,"Kody Funderburk","24993",681892
"A.J. Puk","ARI",1.0536,0.769738,0,3.63176,29.408,0.054,4,0.5305,,31.3732,130.549,26.6077,13.62,12.66,3.50331,8.89216,0.709617,2.36111,39.3915,11.3002,2.55089,4.42992,1.00499,0.301738,0.0681136,0.2336241528391838,0.22304,1.13153,0.30241,0.715139,,,3.1517,0.502578,0.225527,747.5700073242188,,,,,,,179,5.774193548387097,172,5.548387096774194,,,,,,,,,,,,,,,,,,,"A.J. Puk","19343",640462
"Gordon Graceffo","STL",2.23903,1.80766,0,4.18017,51.236,0,0,12.0227,,61.5979,263.006,59.6005,30.57,28.61,6.559,20.8825,1.60379,1.70115,53.5017,7.81707,3.05112,2.56203,0.958328,0.203424,0.0793995,0.1240246444940567,0.2479,1.30659,0.294085,0.700038,,,3.88215,0.499073,0.142806,999,,,,,,,303.69999999999993,4.898387096774193,306,4.935483870967742,,,,,,,,,,,,,,,,,,,"Gordon Graceffo","29519",700669
"Jeffrey Springs","ATH",7.82979,11.5558,12.9678,5.5501,27.988,27.988,0,0,,160.554,702.189,173.04,106.11,99.01,34.7701,52.2013,0.50877,4.07564,127.145,7.12722,2.92619,2.43567,1.94907,0.181069,0.0743408,0.10672853142023087,0.267901,1.4029,0.285684,0.674724,,,5.41818,0.498769,-0.461393,740.6400146484375,,,,,,,397.1000000000001,2.466459627329193,436,2.7080745341614905,,,,,,,,,,,,,,,,,,,"Jeffrey Springs","17677",605488
"Brent Headrick","NYY",2.28632,1.17957,0,3.70909,42.545,0,0,4.6067,,47.9956,199.04,39.4292,21.18,19.78,6.523,15.7761,1.25405,1.75651,54.4476,10.2099,2.95829,3.45127,1.22318,0.27355,0.0792607,0.19428972899913788,0.217232,1.15022,0.272996,0.738507,,,3.72898,0.498091,0.41924,999,,,,,,,241.70000000000002,5.035416666666667,223,4.645833333333333,,,,,,,,,,,,,,,,,,,"Brent Headrick","27702",687396
"Brandyn Garcia","ARI",1.71791,1.25824,0,3.81021,48.506,0,0,0.6469,,52.131,223.684,47.6739,23.67,22.07,3.90146,20.4052,1.40851,3.95344,50.4567,8.71095,3.52279,2.47274,0.673556,0.225572,0.0912233,0.13434843719005585,0.239177,1.30592,0.301948,0.709217,,,3.57406,0.494118,0.325098,999,,,,,,,242.8,4.6692307692307695,240,4.615384615384615,,,,,,,,,,,,,,,,,,,"Brandyn Garcia","33568",805299
"Jon Gray",,2.6436,3.41328,2.45862,4.67126,9.25,7.57,0,0,,44.8723,192.355,44.2871,24.88,23.29,6.92565,14.7202,0.316538,1.83349,38.3668,7.6952,2.95242,2.60641,1.38907,0.199458,0.0765262,0.12293221801519394,0.251916,1.31501,0.286276,0.692078,,,4.53825,0.492338,0.291899,999,,,,,,,157.49999999999997,3.4999999999999996,159,3.533333333333333,,,,,,,,,,,,,,,,,,,"Jon Gray","14916",592351
"Ryan Fernandez","STL",1.98664,1.49459,0,3.82911,44.237,0,0,0.6663,,46.6558,196.339,40.9594,21.22,19.85,5.03822,17.2354,1.33351,1.0043,47.7107,9.20349,3.32475,2.76817,0.971884,0.243001,0.0877839,0.15521717071533203,0.22998,1.24732,0.286565,0.722994,,,3.66658,0.48966,0.36523,999,,,,,,,225.70000000000002,4.802127659574468,216,4.595744680851064,,,,,,,,,,,,,,,,,,,"Ryan Fernandez","24862",681676
"Gregory Soto","PIT",2.79957,1.90477,0,4.03955,61.323,0,4,13.7778,,59.3755,257.732,54.2676,28.53,26.65,5.05162,24.4783,1.12756,6.31023,60.0891,9.10816,3.71036,2.45479,0.765712,0.233145,0.0949756,0.1381698027253151,0.239123,1.32623,0.304172,0.700618,,,3.77275,0.489079,0.187097,737.3599853515625,,,,,,,340.70000000000005,5.774576271186441,336,5.694915254237288,,,,,,,,,,,,,,,,,,,"Gregory Soto","19677",642397
"Tyler Alexander","TEX",2.51866,2.49816,0,4.16948,53.271,2.316,1,12.0629,,72.1817,301.204,66.6229,35.87,33.44,10.7566,17.5309,2.06135,3.68135,60.0743,7.49039,2.18585,3.42677,1.34119,0.199447,0.0582027,0.14124459773302078,0.237946,1.16586,0.267097,0.698807,,,4.28949,0.486826,0.283873,999,,,,,,,330.30000000000007,4.587500000000001,324,4.5,,,,,,,,,,,,,,,,,,,"Tyler Alexander","17735",641302
"Jake Irvin","WSN",4.08661,8.5087,2.85902,4.97899,26.47,17.515,0,0.6452,,106.612,462.526,110.414,63.39,58.98,18.1543,35.6081,1.21288,4.20726,75.1822,6.34675,3.00598,2.11138,1.53255,0.162547,0.0769863,0.08556068688631058,0.261204,1.36966,0.280106,0.68514,,,5.05882,0.486523,0.282616,999,,,,,,,318.4000000000001,2.9757009345794403,335,3.130841121495327,,,,,,,,,,,,,,,,,,,"Jake Irvin","21504",663623
"Jake Bird","NYY",2.62331,1.38559,0,3.76131,49.535,0.061,0,10.0715,,53.2873,225.078,45.2837,23.82,22.27,5.33295,20.1602,1.35725,3.69206,55.4598,9.36693,3.40498,2.75095,0.900713,0.246403,0.0895699,0.15683268010616302,0.225039,1.22813,0.284483,0.717929,,,3.69748,0.484537,0.378914,999,,,,,,,291.70000000000005,5.5037735849056615,278,5.245283018867925,,,,,,,,,,,,,,,,,,,"Jake Bird","21267",656234
"Bryan Baker","TBR",2.7304,2.00021,0,4.06929,59.381,0,2,12.3776,,60.8435,256.456,52.4324,29.51,27.51,8.5849,23.0231,1.10387,1.56593,67.0187,9.91344,3.40559,2.91093,1.26988,0.261326,0.089774,0.17155199497938156,0.226131,1.24016,0.280599,0.724274,,,3.97883,0.483293,0.191706,999,,,,,,,322.5000000000001,5.286885245901641,305,5,,,,,,,,,,,,,,,,,,,"Bryan Baker","19804",641329
"Jared Koenig","MIL",2.91936,1.91892,0,3.94963,59.713,0.2,2,15.3048,,62.2995,264.708,57.4026,29.41,27.34,6.66972,21.3043,1.73173,3.59697,59.9331,8.65814,3.0777,2.81318,0.963531,0.226412,0.0804825,0.1459297016263008,0.239371,1.26336,0.292909,0.710645,,,3.80198,0.481903,0.348011,999,,,,,,,339.49999999999994,5.475806451612902,334,5.387096774193548,,,,,,,,,,,,,,,,,,,"Jared Koenig","27517",657649
"Jordan Leasure","CHW",2.54362,2.06697,0,3.82077,60.711,0.106,7,10.7404,,61.1971,257.071,47.6324,27.76,25.98,8.01514,27.7268,1.85598,1.30438,67.5835,9.93922,4.07766,2.43748,1.17875,0.262898,0.107856,0.15504124760627747,0.208877,1.23142,0.259885,0.742137,,,4.05223,0.481453,0.397158,704.260009765625,,,,,,,356.2000000000001,5.839344262295084,329,5.39344262295082,,,,,,,,,,,,,,,,,,,"Jordan Leasure","29950",673929
"Cooper Criswell","SEA",1.70101,2.56151,0,4.41557,38.572,3.819,0,7.0202,,61.0046,262.984,60.0405,32.09,29.93,7.42306,20.4361,1.54226,4.13461,50.6845,7.47748,3.01493,2.48015,1.09512,0.192728,0.0777084,0.11502006649971008,0.251834,1.31919,0.291823,0.690405,,,4.26362,0.480784,0.209241,999,,,,,,,267.30000000000007,4.381967213114756,272,4.459016393442623,,,,,,,,,,,,,,,,,,,"Cooper Criswell","24975",681867
"Mason Fluharty","TOR",1.96944,0.975077,0,3.42896,39.936,0,0,0.6481,,40.4204,167.594,31.6308,16.5,15.4,4.39033,14.0282,1.85277,2.9214,44.0185,9.80116,3.12352,3.13785,0.977551,0.26265,0.0837037,0.1789463385939598,0.209971,1.1296,0.266449,0.737969,,,3.62712,0.479983,0.504656,999,,,,,,,204.60000000000002,5.115,189,4.725,,,,,,,,,,,,,,,,,,,"Mason Fluharty","31553",689254
"Bryan King","HOU",2.92755,2.00284,0,4.0199,61.745,0,1,16.6617,,62.8673,265.344,56.414,30.09,28.08,8.19723,20.1321,1.23636,3.69327,62.1482,8.89706,2.88208,3.08703,1.1735,0.234217,0.0758714,0.15834591537714005,0.23358,1.21758,0.281684,0.71394,,,3.99001,0.477846,0.298904,999,,,,,,,347.20000000000005,5.511111111111112,336,5.333333333333333,,,,,,,,,,,,,,,,,,,"Bryan King","25890",687911
"Clayton Beeter","WSN",1.97356,1.82237,0,3.91011,57.405,0,15,9.3809,,61.1569,263.673,48.7673,28.38,26.57,6.47223,33.993,1.60754,1.77825,71.396,10.5068,5.00249,2.10031,0.95247,0.270775,0.128921,0.14185377955436707,0.213984,1.35325,0.281905,0.737869,,,3.93081,0.47753,0.39722,314.17999267578125,,,,,,,395.20000000000016,6.478688524590167,372,6.098360655737705,,,,,,,,,,,,,,,,,,,"Clayton Beeter","27494",690925
"David Morgan","SDP",2.3917,1.72252,0,3.84241,55.262,0.226,0,11.7954,,59.2129,251.118,49.2526,27.17,25.28,6.86749,24.7943,2.00092,3.12879,64.5207,9.80675,3.76858,2.60224,1.04382,0.256934,0.0987356,0.15819822251796722,0.220671,1.25052,0.279205,0.727536,,,3.8783,0.477019,0.392645,999,,,,,,,317.1,5.374576271186441,298,5.0508474576271185,,,,,,,,,,,,,,,,,,,"David Morgan","31616",688158
"River Ryan","LAD",2.54543,2.31084,0.985213,4.36566,12.222,6.864,0,0.7772,,40.7773,174.414,38.0017,21.14,19.78,5.29563,15.4745,0.394304,1.94999,36.3047,8.01286,3.4154,2.34609,1.1688,0.208152,0.0887228,0.1194293424487114,0.242065,1.31142,0.283441,0.70201,,,4.3247,0.476329,0.402148,651.5,,,,,,,168.10000000000002,4.1000000000000005,165,4.024390243902439,,,,,,,,,,,,,,,,,,,"River Ryan","29514",689981
"Jeff Hoffman","TOR",2.92064,1.59243,0,3.88995,60.762,0,26,3.7687,,61.497,256.553,49.2891,28.44,26.58,8.69641,23.0562,1.08948,3.27527,70.61,10.3337,3.37425,3.06251,1.27271,0.275226,0.0898693,0.18535663932561874,0.214094,1.1764,0.268977,0.729684,,,3.96165,0.475257,0.397158,101.62999725341797,,,,,,,423.30000000000007,6.939344262295083,398,6.524590163934426,,,,,,,,,,,,,,,,,,,"Jeff Hoffman","17432",656546
"Charlie Morton",,3.10009,4.37768,2.27789,4.69098,11.865,9.768,0,0,,51.1109,224.207,47.0229,28.42,26.64,7.0318,23.6342,0.377384,4.71212,51.7446,9.11159,4.1617,2.18939,1.23821,0.230789,0.105412,0.12537691742181778,0.240083,1.38243,0.291726,0.694546,,,4.56268,0.46997,0.355814,999,,,,,,,186.10000000000008,3.649019607843139,181,3.549019607843137,,,,,,,,,,,,,,,,,,,"Charlie Morton","4676",450203
"Seranthony Domínguez","CHW",2.41022,2.02081,0,3.93024,58.841,0,21,5.6406,,58.8285,249.707,47.0639,27.41,25.69,6.66975,27.2437,0.961332,3.2754,64.4481,9.85973,4.16794,2.36561,1.02039,0.258095,0.109103,0.1489923894405365,0.21472,1.26312,0.272805,0.721835,,,3.97432,0.469935,0.392579,197.97000122070312,,,,,,,395.3,6.7,371,6.288135593220339,,,,,,,,,,,,,,,,,,,"Seranthony Dominguez","19249",622554
"Alex Cobb",,2.30104,3.30982,1.00413,4.42972,12.564,7.03,0,0,,42.3819,181.932,43.5417,22.36,20.86,5.07874,13.5939,0.41819,1.68943,33.3851,7.08949,2.88672,2.4559,1.07849,0.183504,0.0747196,0.1087842732667923,0.261279,1.34811,0.300059,0.695159,,,4.19934,0.463182,0.353478,999,,,,,,,152.9,3.6404761904761904,163,3.880952380952381,,,,,,,,,,,,,,,,,,,"Alex Cobb","6562",502171
"Luis Garcia",,2.30789,3.55174,0,4.24743,37.927,3.455,1,0,,49.7101,209.606,43.7913,25.13,23.46,7.55731,17.0023,1.2387,1.95139,50.4495,9.13388,3.07825,2.96723,1.36825,0.240688,0.0811155,0.15957246720790863,0.229693,1.22296,0.273165,0.710241,,,4.2256,0.460905,0.265166,999,,,,,,,205.20000000000002,4.104,194,3.88,,,,,,,,,,,,,,,,,,,"Luis Garcia","23735",677651
"Steven Okert","HOU",2.94215,2.03687,0,4.09075,60.826,0.091,1,13.7369,,61.4044,255.96,49.9983,29.85,27.91,10.0153,21.0896,1.27832,3.02766,69.9046,10.2459,3.09108,3.31465,1.46793,0.273107,0.0823939,0.19071310013532639,0.215656,1.1577,0.263179,0.722628,,,4.1569,0.460878,0.191704,999,,,,,,,327.4000000000001,5.3672131147541,304,4.983606557377049,,,,,,,,,,,,,,,,,,,"Steven Okert","13580",595345
"Javier Assad","CHC",1.767,2.24748,0,4.2568,38.052,2.999,0,4.8172,,57.3388,247.066,54.2469,29.08,27.12,5.75505,23.8226,1.34047,2.51371,47.1481,7.40045,3.73924,1.97913,0.903323,0.190832,0.096422,0.09441009908914566,0.245762,1.36155,0.28894,0.699726,,,4.17332,0.458993,0.251165,999,,,,,,,240.59999999999994,4.221052631578946,240,4.2105263157894735,,,,,,,,,,,,,,,,,,,"Javier Assad","21741",665871
"Luis García","NYM",2.74066,1.68912,0,3.89926,54.222,0,0,13.3892,,56.0875,236.462,51.7058,26.07,24.3,5.45037,19.4247,1.18034,1.64493,47.9221,7.68976,3.11696,2.46707,0.874586,0.202664,0.0821474,0.12051617354154587,0.240055,1.26821,0.285493,0.709615,,,3.81656,0.457182,0.33425,999,,,,,,,302.70000000000005,5.405357142857143,300,5.357142857142857,,,,,,,,,,,,,,,,,,,"Luis Garcia","6984",472610
"Jack Dreyer","LAD",2.56127,1.10893,0,3.82092,46.454,0.096,0,8.0834,,49.0876,205.031,41.9249,22.4,20.84,5.88878,17.1941,1.51272,1.19754,48.3317,8.86141,3.15246,2.81095,1.07968,0.235729,0.0838608,0.1518677994608879,0.22463,1.20436,0.272137,0.721753,,,3.84948,0.455094,0.369787,999,,,,,,,253.60000000000002,5.175510204081633,241,4.918367346938775,,,,,,,,,,,,,,,,,,,"Jack Dreyer","30249",676263
"Carson Whisenhunt","SFG",1.68633,2.71281,0.391656,4.43627,13.819,6.043,0,0.6513,,39.54,170.767,39.5981,20.9,19.49,4.90296,14.0088,0.579178,1.41241,33.0626,7.52563,3.18865,2.36013,1.116,0.193612,0.0820346,0.1115778461098671,0.254903,1.35576,0.295579,0.699721,,,4.24482,0.452506,0.306091,999,,,,,,,155.5,3.8875,160,4,,,,,,,,,,,,,,,,,,,"Carson Whisenhunt","31676",687931
"Kendry Rojas","MIN",1.31379,1.19962,0,3.71765,24.968,1.062,0,0,,31.4957,132.693,28.2229,13.95,13.01,2.93104,10.6584,0.922772,1.0585,32.5934,9.31367,3.04567,3.05801,0.837555,0.245631,0.0803239,0.16530713438987732,0.233294,1.2345,0.295981,0.716873,,,3.39128,0.447293,0.279081,999,,,,,,,149.7,4.829032258064516,146,4.709677419354839,,,,,,,,,,,,,,,,,,,"Kendry Rojas","sa3016746",696070
"Yimi García","TOR",2.49122,1.31979,0,3.77914,51.188,0,4,10.5635,,52.5119,216.756,42.1172,23.54,22.05,7.57554,16.3569,1.24793,3.4552,58.05,9.94917,2.80341,3.54895,1.29837,0.267812,0.0754623,0.1923498883843422,0.213854,1.11354,0.263037,0.729796,,,3.9315,0.44458,0.378893,999,,,,,,,307.6000000000001,5.803773584905662,284,5.3584905660377355,,,,,,,,,,,,,,,,,,,"Yimi Garcia","12095",554340
"Jovani Morán","BOS",2.25118,1.44665,0,3.77042,43.717,0,0,7.0302,,46.8091,199.455,37.8282,21,19.61,4.59775,22.5216,1.28864,2.04744,51.1881,9.84195,4.33024,2.27284,0.884011,0.25664,0.112916,0.14372418075799942,0.216303,1.28928,0.279014,0.729877,,,3.79958,0.438254,0.36523,999,,,,,,,242.5,5.159574468085107,225,4.787234042553192,,,,,,,,,,,,,,,,,,,"Jovani Moran","20422",663558
"Riley O'Brien","STL",2.61049,2.04571,0,3.99933,59.184,0,15,10.6554,,62.3355,270.501,54.2114,29.55,27.7,5.29762,29.6919,1.61173,5.90419,63.4107,9.15524,4.28692,2.13562,0.764871,0.234419,0.109766,0.12465311586856842,0.23078,1.34599,0.294312,0.710625,,,3.91857,0.432304,0.24528,255.97000122070312,,,,,,,393.9,6.353225806451612,382,6.161290322580645,,,,,,,,,,,,,,,,,,,"Riley O'Brien","20348",676617
"George Klassen","LAA",1.85054,3.21168,0.438051,4.58663,17.481,6.57,0,0,,45.6021,198.326,42.9166,24.86,23.24,6.48436,19.4537,0.742035,2.37835,45.0364,8.88835,3.83937,2.31505,1.27975,0.227083,0.0980897,0.1289931908249855,0.243162,1.36771,0.291521,0.703861,,,4.44473,0.430727,0.260791,999,,,,,,,181.8,3.9521739130434783,179,3.891304347826087,,,,,,,,,,,,,,,,,,,"George Klassen","sa3023440",691946
"Marcus Stroman",,3.25412,4.57876,2.81532,4.83427,12.152,10.033,0,0,,56.1677,245.449,57.6139,32.32,30.17,6.95294,22.9012,0.355733,1.84388,39.2362,6.28699,3.66957,1.71328,1.1141,0.159855,0.0933035,0.06655142456293106,0.261047,1.43348,0.290297,0.680905,,,4.66896,0.43001,0.26791,999,,,,,,,180.50000000000006,3.223214285714287,192,3.4285714285714284,,,,,,,,,,,,,,,,,,,"Marcus Stroman","13431",573186
"Louis Varland","TOR",2.65372,1.69148,0,4.21849,57.453,0.346,4,13.3575,,64.5373,274.288,61.1598,32.47,30.25,8.99403,20.9941,1.73651,2.09776,65.369,9.11599,2.92771,3.11369,1.25425,0.238322,0.0765402,0.16178222000598907,0.243474,1.27297,0.294999,0.714236,,,3.99448,0.428834,0.200922,743.75,,,,,,,344.70000000000005,5.303076923076924,341,5.246153846153846,,,,,,,,,,,,,,,,,,,"Louis Varland","27691",686973
"Ryan Thompson","ARI",2.11482,1.78018,0,4.38949,61.406,0,6,12.9384,,62.2487,266.596,62.3249,32.52,30.36,6.41497,18.6923,1.60497,4.2977,51.0624,7.38267,2.70256,2.73173,0.927485,0.191535,0.0701147,0.12141985446214676,0.255843,1.30151,0.300383,0.673233,,,3.94222,0.428066,-0.0613598,999,,,,,,,338.79999999999995,5.4645161290322575,347,5.596774193548387,,,,,,,,,,,,,,,,,,,"Ryan Thompson","16647",657044
"Drew Thorpe","CHW",2.45351,3.35249,2.48318,4.50287,8.638,7.832,0,0,,42.5129,179.972,39.8816,22.75,21.27,6.47516,13.9358,0.192055,1.50629,30.7819,6.51655,2.95022,2.20884,1.37079,0.171038,0.0774333,0.09360421448945999,0.242398,1.26591,0.26248,0.69421,,,4.75675,0.426835,0.366833,999,,,,,,,154.39999999999998,3.590697674418604,151,3.511627906976744,,,,,,,,,,,,,,,,,,,"Drew Thorpe","31967",689672
"Kevin Ginkel","ARI",2.05596,1.63282,0,4.19022,58.337,0,16,11.1623,,59.9682,256.193,55.0738,29.86,27.92,6.84441,22.4769,1.24088,2.55801,57.8929,8.68854,3.37332,2.57567,1.02721,0.225974,0.0877342,0.1382397934794426,0.238252,1.2932,0.289804,0.701659,,,3.9405,0.423641,0.138199,503.3999938964844,,,,,,,379.9,6.331666666666666,374,6.233333333333333,,,,,,,,,,,,,,,,,,,"Kevin Ginkel","19876",656464
"Sam Hentges","SFG",1.70584,1.32433,0,4.08023,43.586,0,0,0.5862,,43.674,187.834,42.9021,21.35,19.8,4.25427,15.9524,0.840204,1.52736,42.4101,8.73954,3.28734,2.65855,0.876687,0.225785,0.0849279,0.14085687696933746,0.25184,1.34758,0.312457,0.708989,,,3.66004,0.418405,0.203864,999,,,,,,,198.60000000000002,4.513636363636365,202,4.590909090909091,,,,,,,,,,,,,,,,,,,"Sam Hentges","18548",656529
"Justin Lawrence","PIT",2.42466,1.68288,0,4.18992,53.325,0,1,11.4923,,56.8794,248.595,52.2139,28.33,26.48,4.73852,25.8551,1.32656,5.04078,55.1058,8.71937,4.09104,2.13133,0.749774,0.221669,0.104005,0.11766418814659119,0.239845,1.37254,0.300755,0.696283,,,3.91005,0.411333,0.182497,999,,,,,,,291.09999999999997,5.107017543859649,286,5.017543859649122,,,,,,,,,,,,,,,,,,,"Justin Lawrence","17639",664875
"Emilio Pagán","CIN",2.43539,1.8544,0,3.98185,63.111,0.071,26,3.9756,,64.9598,269.547,52.4616,30.65,28.74,10.4195,23.0068,1.13438,1.74006,70.4207,9.75659,3.18752,3.06087,1.44359,0.261256,0.0853533,0.17590220272541046,0.214304,1.16177,0.256417,0.736163,,,4.19506,0.409381,0.303507,113.05000305175781,,,,,,,433.8,6.673846153846154,406,6.246153846153846,,,,,,,,,,,,,,,,,,,"Emilio Pagan","14771",641941
"Dennis Santana","PIT",2.89382,1.95141,0,4.16055,62.187,0,24,4.6365,,64.7654,276.248,59.2197,32.07,29.94,7.29504,24.1777,1.70562,2.65225,58.7574,8.16511,3.35981,2.43023,1.01374,0.212698,0.0875218,0.12517628818750381,0.237431,1.28768,0.283175,0.701344,,,4.02775,0.4089,0.200918,148.8000030517578,,,,,,,418.5,6.438461538461539,411,6.323076923076923,,,,,,,,,,,,,,,,,,,"Dennis Santana","17878",642701
"Paul Blackburn","NYY",2.45594,2.47095,0,4.64687,46.231,3.046,0,12.2539,,62.7906,272.637,64.4514,34.64,32.42,7.26194,22.7274,1.57204,2.13387,50.4818,7.23573,3.2576,2.22118,1.04088,0.185161,0.0833614,0.10179957747459412,0.26012,1.38841,0.300946,0.682215,,,4.21851,0.40718,-0.0481031,999,,,,,,,286.70000000000005,4.5507936507936515,297,4.714285714285714,,,,,,,,,,,,,,,,,,,"Paul Blackburn","14739",621112
"Gage Jump","ATH",1.8785,2.30764,2.33936,4.61024,6.216,6.216,0,0,,33.2846,142.623,32.997,18.25,17.05,5.14246,10.7399,0.130837,1.25877,30.5236,8.25344,2.90401,2.84209,1.3905,0.214016,0.0753025,0.13871383666992188,0.25261,1.31403,0.293335,0.697555,,,4.39099,0.401838,0.25521,999,,,,,,,122.90000000000005,3.724242424242426,126,3.8181818181818183,,,,,,,,,,,,,,,,,,,"Gage Jump","sa3034986",695611
"JP Sears","SDP",2.18535,3.17072,0.49706,4.70139,21.027,6.748,0,0.6537,,51.6868,220.767,50.0837,29.05,27,9.01419,15.6712,0.912472,2.7469,44.1809,7.69304,2.72875,2.81925,1.5696,0.200125,0.0709853,0.12913987785577774,0.247512,1.27218,0.275351,0.690785,,,4.7618,0.398241,0.187393,999,,,,,,,179.10000000000002,3.44423076923077,178,3.423076923076923,,,,,,,,,,,,,,,,,,,"JP Sears","23429",676664
"Ethan Roberts","CHC",1.38323,0.910261,0,3.48949,31.04,0,0,0.7226,,33.0908,137.861,26.7643,13.75,12.83,2.93547,12.0903,1.13505,1.80675,32.5955,8.8653,3.2883,2.69602,0.798386,0.236438,0.087699,0.14873896539211273,0.215904,1.17418,0.269457,0.722539,,,3.57819,0.398205,0.333456,999,,,,,,,165.10000000000002,5.003030303030304,154,4.666666666666667,,,,,,,,,,,,,,,,,,,"Ethan Roberts","24930",681799
"Taijuan Walker","PHI",4.74894,7.15834,1.23387,4.97589,36.851,16.698,0,0.6364,,111.761,486.602,113.5,66.18,61.79,18.0615,42.0663,1.4848,4.09205,76.9285,6.19498,3.38756,1.82875,1.45447,0.158093,0.0864491,0.07164432108402252,0.257695,1.39196,0.276271,0.686108,,,5.09841,0.397354,0.161496,999,,,,,,,331.0000000000001,2.9553571428571437,346,3.0892857142857144,,,,,,,,,,,,,,,,,,,"Taijuan Walker","11836",592836
"AJ Blubaugh","HOU",1.58683,1.84796,0,4.02377,30.354,2.489,0,0.6558,,43.3698,183.927,36.6256,20.75,19.39,5.66183,18.1382,1.18386,1.25381,44.8995,9.31744,3.764,2.47541,1.17493,0.244116,0.0986165,0.14549943059682846,0.222601,1.26272,0.271675,0.726213,,,4.10311,0.393653,0.263442,747.6300048828125,,,,,,,185.2,4.306976744186046,174,4.046511627906977,,,,,,,,,,,,,,,,,,,"AJ Blubaugh","31764",805123
"Cole Sands","MIN",2.98991,2.39678,0,4.57895,61.427,0.204,5,12.6798,,65.5892,282.132,63.2726,35.73,33.37,8.55804,21.8476,1.23525,3.90266,60.0435,8.23903,2.99788,2.74828,1.17431,0.21282,0.0774376,0.135382741689682,0.24679,1.29778,0.291375,0.675293,,,4.17827,0.388074,-0.153851,733.989990234375,,,,,,,332.9000000000001,5.043939393939396,332,5.03030303030303,,,,,,,,,,,,,,,,,,,"Cole Sands","21461",663485
"Shane Drohan","MIL",1.1387,1.26476,0,3.77778,20.643,1.923,0,0,,31.995,135.663,25.9201,14.38,13.43,3.4918,14.3043,0.89446,1.28683,35.7118,10.0455,4.02373,2.49657,0.982222,0.263238,0.10544,0.15779845416545868,0.215871,1.25721,0.277342,0.731393,,,3.78346,0.384566,0.390267,999,,,,,,,159.3,4.978125,148,4.625,,,,,,,,,,,,,,,,,,,"Shane Drohan","sa3014447",675660
"Brooks Raley","NYM",2.75008,1.82633,0,4.2293,55.646,0,2,14.1176,,55.1368,235.047,51.242,27.81,25.91,7.16032,17.2917,1.10834,4.43931,54.0245,8.81844,2.82253,3.1243,1.16878,0.229845,0.0735669,0.15627829730510712,0.240216,1.24298,0.28976,0.696022,,,4.04611,0.383058,0.0755483,999,,,,,,,299.29999999999995,5.4418181818181806,295,5.363636363636363,,,,,,,,,,,,,,,,,,,"Brooks Raley","10061",548384
"Kenley Jansen","DET",2.23838,1.74391,0,3.98954,55.158,0,22,4.1731,,56.3073,235.064,46.8775,26.81,24.96,7.50526,19.6523,1.26088,2.00973,52.357,8.36859,3.14117,2.66416,1.19962,0.222735,0.0836042,0.13913076370954514,0.219668,1.18155,0.25643,0.708998,,,4.16237,0.382768,0.231469,136.13999938964844,,,,,,,357.8000000000001,6.389285714285717,340,6.071428571428571,,,,,,,,,,,,,,,,,,,"Kenley Jansen","3096",445276
"Porter Hodge","CHC",1.31656,0.884627,0,3.52009,29.791,0,0,0.7226,,31.6015,133.748,24.1621,13.21,12.36,2.72606,15.4371,1.02893,1.65914,36.0644,10.271,4.39643,2.33622,0.776374,0.269644,0.115419,0.15422503650188446,0.20713,1.25308,0.27531,0.737485,,,3.5971,0.382628,0.383104,999,,,,,,,162.5,5.078125,146,4.5625,,,,,,,,,,,,,,,,,,,"Porter Hodge","26413",687863
"Erik Miller","SFG",2.42364,1.85747,0,3.82424,58.772,0.383,3,15.3114,,58.5293,253.814,50.2465,26.76,24.87,4.79623,29.9387,1.61581,3.61767,57.2663,8.80579,4.60365,1.91278,0.737512,0.225623,0.117955,0.10766783356666565,0.228126,1.37,0.287305,0.727166,,,3.96357,0.381006,0.392579,999,,,,,,,332.1,5.628813559322034,317,5.372881355932203,,,,,,,,,,,,,,,,,,,"Erik Miller","26252",669062
"Calvin Faucher","MIA",2.24174,2.0423,0,4.30079,61.439,0.078,6,11.493,,63.1768,275.109,59.4648,32.36,30.19,6.34293,28.4992,1.81428,2.97823,61.3108,8.73418,4.05992,2.15132,0.903597,0.22286,0.103592,0.11926767975091934,0.244076,1.39235,0.301866,0.703101,,,3.99413,0.379256,0.0939714,999,,,,,,,342,5.428571428571429,340,5.396825396825397,,,,,,,,,,,,,,,,,,,"Calvin Faucher","20116",676534
"Eric Orze","MIN",2.73929,1.95463,0,4.16046,54.511,0,1,11.5993,,58.6666,251.072,51.2222,29.01,27.12,6.78618,25.3636,1.46114,2.69905,57.9666,8.89261,3.89101,2.28542,1.04106,0.230876,0.101021,0.12985479831695557,0.229686,1.30544,0.280784,0.709185,,,4.09778,0.378984,0.187102,999,,,,,,,302.9,5.133898305084745,289,4.898305084745763,,,,,,,,,,,,,,,,,,,"Eric Orze","27626",679358
"Caden Dana","LAA",4.3227,6.76812,5.65371,5.28322,15.265,14.787,0,0,,80.2181,353.103,82.1756,50.19,47.09,14.1056,31.7904,0.312794,4.43426,68.7716,7.71576,3.5667,2.16328,1.58256,0.194763,0.0900315,0.10473167896270752,0.259328,1.4207,0.290895,0.676897,,,5.06118,0.373059,0.00956402,999,,,,,,,236.60000000000002,2.9575000000000005,248,3.1,,,,,,,,,,,,,,,,,,,"Caden Dana","31508",702674
"Grant Anderson","MIL",2.62255,1.72362,0,4.0305,52.94,0,0,9.5629,,56.2486,237.601,48.808,27.01,25.19,7.52101,20.5684,1.48067,2.73978,56.6495,9.06415,3.29103,2.7542,1.20339,0.238423,0.0865671,0.1518559381365776,0.227763,1.23339,0.275022,0.719942,,,4.10225,0.369876,0.231475,999,,,,,,,270.60000000000014,4.83214285714286,258,4.607142857142857,,,,,,,,,,,,,,,,,,,"Grant Anderson","20546",681982
"Taylor Rogers","MIN",2.74264,2.0682,0,4.45027,56.527,0,16,5.8616,,57.0302,246.789,53.7362,30.27,28.2,6.85201,21.4305,1.36227,4.19707,56.351,8.89281,3.38198,2.62947,1.08132,0.228336,0.0868374,0.14149907231330872,0.242973,1.31802,0.296813,0.684674,,,4.06898,0.369849,-0.0219102,415.3800048828125,,,,,,,336.29999999999995,5.8999999999999995,335,5.87719298245614,,,,,,,,,,,,,,,,,,,"Taylor Rogers","13449",573124
"Clarke Schmidt","NYY",1.37296,1.38758,0.159298,4.05373,12.517,3.177,0,0.691,,27.286,115.396,24.3844,13.16,12.29,3.39604,9.55824,0.439004,1.27352,26.4404,8.72108,3.15269,2.76624,1.12015,0.229127,0.0828296,0.146296888589859,0.233199,1.24396,0.280863,0.712022,,,4.00602,0.365698,0.275527,999,,,,,,,123.5,4.574074074074074,119,4.407407407407407,,,,,,,,,,,,,,,,,,,"Clarke Schmidt","19899",657376
"Tyler Rogers","TOR",3.1643,1.72257,0,3.90959,66.29,0,3,17.6217,,66.782,275.949,65.2971,31.14,29.01,7.69312,13.1097,1.01747,2.70867,42.549,5.73419,1.76676,3.24561,1.03678,0.154192,0.0475078,0.10668385028839111,0.251017,1.17407,0.274451,0.698837,,,4.06904,0.365329,0.410918,743.9199829101562,,,,,,,353.4,5.2746268656716415,356,5.313432835820896,,,,,,,,,,,,,,,,,,,"Tyler Rogers","15541",643511
"Brad Keller","PHI",2.38061,1.67361,0,3.93283,57.169,0.421,4,15.9024,,64.9914,279.616,57.5014,30.5,28.4,6.52042,29.7624,1.35712,2.97325,61.8853,8.56987,4.1215,2.07931,0.902947,0.221323,0.106441,0.11488218605518341,0.232912,1.3427,0.285649,0.726482,,,4.04606,0.363716,0.406438,744.010009765625,,,,,,,353.09999999999997,5.432307692307692,343,5.276923076923077,,,,,,,,,,,,,,,,,,,"Brad Keller","15734",641745
"Joel Payamps","ATL",1.95456,1.44623,0,4.30933,51.134,0,0,9.4616,,50.8757,216.164,48.5644,26.1,24.36,6.57569,15.5728,1.29416,2.49683,47.2068,8.35096,2.75485,3.03137,1.16325,0.218384,0.0720414,0.1463426575064659,0.245158,1.26066,0.290958,0.692451,,,4.02513,0.360845,0.0663382,999,,,,,,,239.90000000000006,4.703921568627452,240,4.705882352941177,,,,,,,,,,,,,,,,,,,"Joel Payamps","14332",606303
"Anthony Bender","MIA",2.24069,1.85684,0,4.10989,59.492,0,2,12.3686,,59.8483,254.679,54.0983,29.39,27.33,6.6056,21.9658,1.40722,3.49906,54.3847,8.17839,3.30322,2.47588,0.993351,0.213542,0.0862489,0.12729304283857346,0.236016,1.27095,0.282318,0.698544,,,4.02903,0.360759,0.240672,999,,,,,,,308.5,5.141666666666667,300,5,,,,,,,,,,,,,,,,,,,"Anthony Bender","19742",669622
"Justin Topa","MIN",2.80064,2.26109,0,4.57946,58.347,0.12,5,11.4388,,61.0814,264.999,63.0176,33.37,31.08,6.18385,19.7601,1.71634,4.16028,46.4244,6.84037,2.91154,2.3494,0.911155,0.175187,0.0745666,0.10062023252248764,0.261399,1.3552,0.301553,0.666588,,,4.10601,0.356151,-0.114506,999,,,,,,,302.80000000000007,4.9639344262295095,316,5.180327868852459,,,,,,,,,,,,,,,,,,,"Justin Topa","15145",623437
"Andre Granillo","WSN",1.40903,1.30032,0,3.93041,40.36,0,2,0.6452,,45.4762,193.098,36.8208,21.3,19.86,5.50996,20.9654,1.64859,1.25444,48.3863,9.57593,4.14917,2.30791,1.09045,0.250579,0.108574,0.14200491458177567,0.21548,1.27069,0.267655,0.728671,,,4.04806,0.355918,0.257607,999,,,,,,,207,4.6,191,4.2444444444444445,,,,,,,,,,,,,,,,,,,"Andre Granillo","29542",701552
"Andrew Chafin",,2.66169,2.8003,0,3.97961,47.587,0,1,0,,46.9719,202.162,40.7279,22.28,20.77,4.81897,22.1205,0.95344,2.03933,49.59,9.50163,4.23837,2.24181,0.923333,0.245299,0.10942,0.13587886095046997,0.228806,1.338,0.290543,0.723121,,,3.9004,0.35472,0.262133,999,,,,,,,212.70000000000002,4.525531914893618,203,4.319148936170213,,,,,,,,,,,,,,,,,,,"Andrew Chafin","12988",605177
"Spencer Turnbull",,1.99487,2.77625,1.53024,4.69045,7.801,6.119,0,0,,34.9028,151.729,34.0289,19.45,18.19,4.43973,14.255,0.256562,1.80335,28.2898,7.29477,3.67579,1.98455,1.14482,0.18645,0.0939509,0.09249888360500336,0.25082,1.38338,0.287439,0.685407,,,4.54798,0.354269,0.257274,999,,,,,,,129.4,3.6971428571428575,131,3.742857142857143,,,,,,,,,,,,,,,,,,,"Spencer Turnbull","16207",605513
"Hoby Milner","CHC",2.52937,1.87056,0,4.07993,59.712,0,0,13.4882,,60.9054,256.195,59.2927,29.7,27.61,7.06649,14.8485,1.03165,4.10668,48.3723,7.14798,2.19417,3.25772,1.04422,0.18881,0.0579577,0.1308525688946247,0.249927,1.21732,0.287271,0.691712,,,3.98868,0.353685,0.191705,999,,,,,,,302.9000000000001,4.965573770491805,305,5,,,,,,,,,,,,,,,,,,,"Hoby Milner","13346",571948
"Jedixson Paez","CHW",1.17582,0.918507,0,3.68994,28.557,0,0,0,,31.1956,126.958,28.4542,13.76,12.79,4.14394,5.36202,0.830398,1.14326,29.04,8.37809,1.54695,5.41586,1.19554,0.228737,0.0422347,0.18650247901678085,0.236228,1.08401,0.278568,0.715918,,,3.62582,0.352727,0.225527,999,,,,,,,147.39999999999998,4.7548387096774185,143,4.612903225806452,,,,,,,,,,,,,,,,,,,"Jedixson Paez","sa3016264",699151
"Mason Englert","TBR",2.43464,1.78464,0,4.13983,53.401,0,0,11.9449,,61.5677,259.203,57.8958,30.47,28.32,8.38719,18.1284,1.29293,2.31283,56.6359,8.27907,2.65001,3.12416,1.22604,0.218501,0.069939,0.14856165647506714,0.242484,1.23481,0.284961,0.70866,,,4.06233,0.350405,0.245299,999,,,,,,,311.59999999999997,5.025806451612903,308,4.967741935483871,,,,,,,,,,,,,,,,,,,"Mason Englert","22288",669438
"Jonathan Bowlan","PHI",1.98595,1.35192,0,4.09118,48.531,0.031,0,9.801,,54.0284,230.395,48.6999,26.35,24.56,6.88445,21.2204,1.88672,1.66052,54.1874,9.02649,3.53488,2.55355,1.1468,0.235194,0.0921046,0.1430893838405609,0.234683,1.29414,0.285543,0.722774,,,4.05624,0.349728,0.226882,999,,,,,,,265.1,4.90925925925926,258,4.777777777777778,,,,,,,,,,,,,,,,,,,"Jonathan Bowlan","24607",680742
"Evan Sisk","PIT",2.15993,1.43671,0,4.01063,46.764,0,0,0.6566,,47.3941,204.92,41.9486,22.63,21.12,4.47705,20.115,1.3345,4.63188,48.9621,9.29775,3.81977,2.43411,0.850179,0.238933,0.0981601,0.14077257364988327,0.232824,1.30952,0.295671,0.706749,,,3.86346,0.348672,0.159468,999,,,,,,,216.40000000000003,4.604255319148937,210,4.468085106382978,,,,,,,,,,,,,,,,,,,"Evan Sisk","24995",681895
"Tanner Banks","PHI",2.24289,1.5914,0,4.24974,55.339,0.133,0,12.276,,58.6624,248.378,56.9533,29.85,27.7,7.99724,16.1779,1.05055,2.59125,52.0024,7.97822,2.48202,3.2144,1.22694,0.209368,0.0651343,0.14423362910747528,0.248045,1.24665,0.288641,0.698816,,,4.0943,0.346225,0.0847611,999,,,,,,,285.00000000000006,4.8305084745762725,286,4.8474576271186445,,,,,,,,,,,,,,,,,,,"Tanner Banks","16990",621383
"Eric Lauer","TOR",1.92291,1.97647,0,4.36676,38.139,2.801,0,4.1476,,57.2141,243.818,51.937,29.78,27.76,9.02653,21.1649,1.70208,1.87162,57.5719,9.05628,3.32931,2.72016,1.41991,0.236127,0.086806,0.14932053536176682,0.235242,1.27769,0.278309,0.716482,,,4.38152,0.344828,0.149224,747.6400146484375,,,,,,,238.89999999999998,4.1912280701754385,231,4.052631578947368,,,,,,,,,,,,,,,,,,,"Eric Lauer","19316",641778
"Justin Wilson",,2.33426,2.49907,0,4.04025,41.832,0,0,0,,40.3861,171.645,36.468,19.45,18.13,4.77102,14.9827,0.903643,1.66887,40.9854,9.13356,3.33887,2.73553,1.06322,0.238781,0.0872887,0.15149196237325668,0.235287,1.27397,0.290167,0.714759,,,3.87814,0.340599,0.194658,999,,,,,,,171.9,4.2975,166,4.15,,,,,,,,,,,,,,,,,,,"Justin Wilson","4301",458677
"Kyle Finnegan","DET",2.30791,1.90426,0,4.23983,59.525,0,6,13.2709,,61.3468,259.002,57.2693,31.06,28.9,8.19668,20.6152,1.3173,1.02998,56.7207,8.32131,3.0244,2.75139,1.20251,0.218997,0.0795949,0.13940205425024033,0.241279,1.26958,0.284579,0.705091,,,4.08141,0.339778,0.0893655,635.1799926757812,,,,,,,334.8000000000001,5.488524590163936,331,5.426229508196721,,,,,,,,,,,,,,,,,,,"Kyle Finnegan","15009",640448
"Jonathan Loáisiga","ARI",1.77769,1.39807,0,4.04002,50.374,0,1,13.3527,,52.4403,222.901,52.1929,25.24,23.54,4.84514,15.1167,1.29618,3.35293,39.2329,6.7333,2.59438,2.59534,0.831541,0.176011,0.067818,0.10819285362958908,0.255308,1.28355,0.295272,0.695062,,,3.89657,0.338975,0.22227,999,,,,,,,269.1,5.175000000000001,276,5.3076923076923075,,,,,,,,,,,,,,,,,,,"Jonathan Loaisiga","19753",642528
"Juan Mejia","COL",2.45265,2.60367,0,4.76049,60.394,0,3,14.3047,,63.9577,286.64,63.4676,36.19,33.83,6.74706,31.2863,2.95744,4.76553,67.225,9.45977,4.40255,2.1487,0.949433,0.234528,0.109148,0.12537917494773865,0.253274,1.48151,0.321151,0.686499,,,4.09542,0.336218,-0.259868,999,,,,,,,320.7,5.0109375,326,5.09375,,,,,,,,,,,,,,,,,,,"Juan Mejia","23237",675848
"PJ Poulin","WSN",1.92492,1.81396,0,4.08026,56.674,0,2,12.0853,,57.6361,247.728,50.9112,28.07,26.13,6.26296,23.6543,1.9143,4.32952,56.6308,8.84303,3.69367,2.3941,0.977974,0.228601,0.0954851,0.13311604410409927,0.231684,1.29373,0.284655,0.706647,,,4.03923,0.335466,0.23607,999,,,,,,,310.80000000000007,5.358620689655174,300,5.172413793103448,,,,,,,,,,,,,,,,,,,"PJ Poulin","23394",676571
"Andrew Hoffmann","ARI",1.46904,1.19476,0,4.27068,42.182,0,0,10.009,,45.8147,197.735,42.5396,23.34,21.74,5.02952,19.1643,1.60979,1.57296,45.2147,8.88213,3.7647,2.35932,0.988017,0.228663,0.096919,0.13174408674240112,0.24034,1.34681,0.295929,0.701831,,,3.94636,0.334537,0.105953,999,,,,,,,234.10000000000002,5.089130434782609,232,5.043478260869565,,,,,,,,,,,,,,,,,,,"Andrew Hoffmann","29633",694851
"Robert Stephenson","LAA",1.25097,1.05041,0,4.07988,31.812,0,5,0.5535,,32.1848,135.132,27.9341,15.65,14.59,4.72669,10.2102,0.730622,1.80082,39.949,11.1711,2.85514,3.91264,1.32175,0.295629,0.0755575,0.22007159888744354,0.226883,1.18517,0.295842,0.713495,,,3.68143,0.328918,0.0737063,612.2100219726562,,,,,,,175.5,5.484375,168,5.25,,,,,,,,,,,,,,,,,,,"Robert Stephenson","13594",596112
"Travis Adams","MIN",2.0892,2.45964,0,4.72036,41.791,2.274,0,0.6406,,58.5527,256.196,59.8793,32.89,30.71,6.96043,22.272,1.58982,2.54703,49.2615,7.57187,3.42338,2.21181,1.06987,0.192281,0.0869336,0.10534687340259552,0.258795,1.40303,0.302126,0.680342,,,4.2695,0.326384,-0.102054,999,,,,,,,221.5,3.7542372881355934,231,3.9152542372881354,,,,,,,,,,,,,,,,,,,"Travis Adams","30180",701519
"Connor Phillips","CIN",1.71677,1.39207,0,4.15958,46.478,0,3,10.4083,,51.409,223.702,42.4667,25.3,23.76,5.7821,27.7197,1.4208,2.7389,58.537,10.2479,4.85279,2.11175,1.01225,0.261675,0.123914,0.13776099681854248,0.219758,1.36525,0.284545,0.722908,,,4.0974,0.324965,0.168683,999,,,,,,,274.40000000000003,5.3803921568627455,257,5.03921568627451,,,,,,,,,,,,,,,,,,,"Connor Phillips","27649",683175
"Kohl Drake","ARI",1.28265,1.61586,1.10033,4.45504,5.012,4.067,0,0,,23.0503,98.6508,22.4923,12.22,11.41,3.1952,7.66593,0.156831,0.827479,21.2892,8.31239,2.99316,2.77713,1.24757,0.215804,0.0777077,0.13809633255004883,0.249478,1.30837,0.293836,0.698395,,,4.1954,0.323627,0.221196,999,,,,,,,91.10000000000001,3.9608695652173918,91,3.9565217391304346,,,,,,,,,,,,,,,,,,,"Kohl Drake","sa3021723",684442
"Carlos Rodriguez","MIL",1.13893,1.27334,0,3.94754,20.617,1.812,0,0.621,,30.6191,129.747,25.4845,14.37,13.43,3.78067,12.8133,0.862611,1.24629,29.6371,8.71134,3.76626,2.31299,1.11127,0.228421,0.0987556,0.12966545671224594,0.220286,1.25078,0.263811,0.724978,,,4.18198,0.322779,0.332675,999,,,,,,,137.2,4.425806451612903,125,4.032258064516129,,,,,,,,,,,,,,,,,,,"Carlos Rodriguez","30161",692230
"Kevin Kelly","TBR",1.78703,1.36169,0,4.25098,40.386,0,0,0.6597,,41.6233,176.643,42.5848,21.17,19.66,4.56829,10.5428,0.826343,2.217,34.5844,7.47801,2.27961,3.28038,0.987778,0.195787,0.0596843,0.13610293343663216,0.259849,1.27639,0.30479,0.683848,,,3.81981,0.321017,0.0967396,999,,,,,,,172.5,4.107142857142857,180,4.285714285714286,,,,,,,,,,,,,,,,,,,"Kevin Kelly","25679",687330
"Ben Casparius","LAD",2.46789,1.20556,0,4.27149,45.971,0.128,0,13.2996,,54.0444,231.475,47.3464,27.47,25.65,6.75688,23.0012,1.19557,2.07016,52.6689,8.77094,3.83039,2.28983,1.12522,0.227536,0.0993682,0.12816807627677917,0.229388,1.30166,0.276162,0.704205,,,4.20307,0.320687,0.12438,999,,,,,,,274.3,5.07962962962963,262,4.851851851851852,,,,,,,,,,,,,,,,,,,"Ben Casparius","30085",676508
"Yohan Ramírez","PIT",2.08818,1.44554,0,4.18084,45.429,0,0,10.1114,,49.7699,216.113,43.8478,24.69,23.12,5.26486,21.3124,1.35902,5.52876,52.0915,9.41983,3.85397,2.44419,0.952056,0.241038,0.0986169,0.1424212083220482,0.231666,1.30923,0.292482,0.700305,,,4.03495,0.31917,0.115166,999,,,,,,,257.1,5.142,248,4.96,,,,,,,,,,,,,,,,,,,"Yohan Ramirez","19444",670990
"Ian Hamilton","ATL",1.45908,1.07345,0,4.12171,38.09,0.088,0,0.6492,,40.505,175.083,37.2688,19.82,18.55,3.78369,17.8602,0.815638,1.97742,39.8208,8.84797,3.96845,2.22958,0.840716,0.227439,0.10201,0.1254292130470276,0.240064,1.36104,0.299936,0.708563,,,3.85256,0.314648,0.145659,999,,,,,,,182.00000000000006,4.439024390243904,177,4.317073170731708,,,,,,,,,,,,,,,,,,,"Ian Hamilton","19261",641656
"Martín Pérez","ATL",2.91502,3.84271,3.68218,5.34119,9.275,9.089,0,0.6492,,50.0282,222.886,55.9902,31.75,29.69,6.89163,19.6849,0.169779,2.44175,33.9105,6.10046,3.54129,1.72266,1.23979,0.152143,0.0883184,0.06382454186677933,0.278892,1.51265,0.306948,0.665262,,,4.89715,0.314343,-0.0616722,999,,,,,,,144.29999999999998,2.8859999999999997,165,3.3,,,,,,,,,,,,,,,,,,,"Martin Perez","6902",527048
"Cade Gibson","MIA",2.04235,1.71153,0,4.0627,54.33,0.099,0,11.9227,,60.4327,259.669,55.8549,29.27,27.28,5.33983,22.2197,1.74772,5.86987,50.9938,7.5943,3.30908,2.29499,0.79524,0.19638,0.085569,0.11081064492464066,0.241191,1.29193,0.288252,0.691294,,,3.99061,0.307935,0.240687,999,,,,,,,302.9,5.048333333333333,301,5.016666666666667,,,,,,,,,,,,,,,,,,,"Cade Gibson","31815",806188
"Luinder Avila","KCR",1.16323,0.815506,0,3.74084,27.256,0,0,0.663,,31.4689,134.134,27.1266,13.99,13.08,2.56202,13.4955,0.845218,1.49128,31.0983,8.894,3.85967,2.30434,0.732729,0.231846,0.100613,0.1312331184744835,0.227674,1.29087,0.287351,0.719101,,,3.6458,0.306088,0.225576,999,,,,,,,146.29999999999995,4.719354838709676,140,4.516129032258065,,,,,,,,,,,,,,,,,,,"Luinder Avila","24452",679883
"John Schreiber","KCR",2.57752,2.04667,0,4.33063,62.209,0,1,13.4702,,60.8918,261.332,57.3796,31.33,29.3,7.60315,22.2835,1.06174,2.78788,55.2509,8.16625,3.29358,2.47945,1.12377,0.21142,0.0852689,0.12615106254816055,0.242865,1.30827,0.28705,0.70029,,,4.17885,0.30312,0.0893648,999,,,,,,,296.8000000000001,4.865573770491805,293,4.80327868852459,,,,,,,,,,,,,,,,,,,"John Schreiber","20020",670167
"Hayden Birdsong","SFG",1.67356,2.65965,0.380866,4.58569,16.004,5.576,0,0,,40.7638,178.596,36.7772,22.19,20.77,5.69433,20.4978,0.663379,2.02253,38.8671,8.58124,4.52558,1.89616,1.25722,0.217625,0.114771,0.10285402834415436,0.235636,1.40504,0.278734,0.711621,,,4.70155,0.300987,0.24946,999,,,,,,,145.40000000000003,3.546341463414635,139,3.3902439024390243,,,,,,,,,,,,,,,,,,,"Hayden Birdsong","31635",806185
"Keegan Akin","BAL",2.90748,2.09561,0,4.19105,61.337,0.212,2,15.5222,,64.6377,272.052,58.4616,32.28,30.1,9.99741,20.159,1.4113,2.1978,61.5973,8.57666,2.8069,3.05557,1.39202,0.226418,0.0741,0.1523175612092018,0.234132,1.21633,0.272118,0.717078,,,4.27754,0.299974,0.200919,999,,,,,,,339.2,5.218461538461538,327,5.030769230769231,,,,,,,,,,,,,,,,,,,"Keegan Akin","19362",669211
"Lucas Erceg","KCR",2.44414,1.87365,0,4.15962,58.476,0,6,12.3509,,61.0369,263.003,56.2057,30.18,28.21,6.29953,25.5345,1.26563,3.20671,54.3507,8.01411,3.7651,2.12852,0.928877,0.206655,0.0970883,0.10956624895334244,0.239927,1.33919,0.287459,0.707071,,,4.10858,0.297733,0.191707,564.5599975585938,,,,,,,331.0000000000001,5.426229508196723,326,5.344262295081967,,,,,,,,,,,,,,,,,,,"Lucas Erceg","19360",668674
"Dauri Moreta",,1.56549,1.61742,0,3.91882,27.404,0,0,0,,28.3172,118.947,23.0224,13.21,12.33,3.78887,10.8973,0.651344,1.43922,32.9409,10.4695,3.46346,3.02286,1.20421,0.276939,0.0916149,0.18532368540763855,0.215949,1.19785,0.275235,0.723729,,,3.85495,0.296353,0.167125,999,,,,,,,128.20000000000005,4.57857142857143,118,4.214285714285714,,,,,,,,,,,,,,,,,,,"Dauri Moreta","21101",664294
"Justin Slaten","BOS",2.85393,1.958,0,4.07058,55.944,0,2,13.495,,60.3158,255.727,53.7591,29.28,27.28,7.61766,22.8338,1.29519,1.97821,54.8567,8.18542,3.40714,2.40243,1.13667,0.214513,0.0892897,0.1252228170633316,0.232809,1.26986,0.273933,0.717643,,,4.19211,0.295057,0.240681,999,,,,,,,302.20000000000005,5.036666666666667,293,4.883333333333334,,,,,,,,,,,,,,,,,,,"Justin Slaten","25648",686580
"Ryan Zeferjahn","LAA",2.23982,1.94633,0,4.17993,56.32,0.026,1,11.3918,,58.5441,254.085,48.6898,29.03,27.19,7.18133,29.9922,1.85203,3.80771,66.3838,10.2052,4.61071,2.21337,1.10399,0.261266,0.11804,0.143226258456707,0.221031,1.34398,0.282909,0.723493,,,4.19399,0.29178,0.187102,999,,,,,,,302.1,5.120338983050848,283,4.796610169491525,,,,,,,,,,,,,,,,,,,"Ryan Zeferjahn","25420",666171
"Liam Hendriks",,1.31574,1.36957,0,3.93117,23.356,0,2,0,,23.9013,99.0501,21.111,11.2,10.44,3.31352,6.30779,0.481481,0.919678,26.4261,9.95072,2.37519,4.18944,1.2477,0.266796,0.0636829,0.20311293751001358,0.229911,1.14717,0.286673,0.711979,,,3.63326,0.291203,0.157963,744.3599853515625,,,,,,,127.10000000000002,5.295833333333334,122,5.083333333333333,,,,,,,,,,,,,,,,,,,"Liam Hendriks","3548",521230
"Elvis Alvarado","ATH",2.34339,1.95275,0,4.37059,55.581,0,3,10.4042,,59.6967,259.706,52.2955,31.04,28.99,7.75542,28.7374,1.76253,3.41463,65.8977,9.93488,4.3325,2.2931,1.16922,0.25374,0.110654,0.14308639615774155,0.229816,1.35741,0.289408,0.7124,,,4.23203,0.288407,0.0359982,747.5999755859375,,,,,,,301.40000000000003,5.023333333333334,287,4.783333333333333,,,,,,,,,,,,,,,,,,,"Elvis Alvarado","21662",665660
"Tomoyuki Sugano","COL",5.13812,8.82548,9.21168,5.71006,20.232,20.232,0,0,,114.666,508.319,135.987,77.64,72.75,20.7007,32.6962,0.507056,5.42235,67.453,5.29431,2.56629,2.06302,1.62477,0.132698,0.0643222,0.06837600469589233,0.28921,1.47108,0.301759,0.651694,,,5.30281,0.288139,-0.532505,999,,,,,,,259.1,2.25304347826087,322,2.8,,,,,,,,,,,,,,,,,,,"Tomoyuki Sugano","35321",608372
"Keaton Winn","SFG",1.2319,1.33617,0,4.24866,30.015,1.117,1,6.8229,,38.3627,164.73,38.5734,19.55,18.11,4.17581,12.7921,1.01286,1.39919,32.9168,7.72238,3.00107,2.57321,0.979656,0.199823,0.0776548,0.1221676617860794,0.256235,1.33894,0.303205,0.698944,,,3.94388,0.286772,0.0413232,999,,,,,,,187.6,4.936842105263158,195,5.131578947368421,,,,,,,,,,,,,,,,,,,"Keaton Winn","23499",676775
"Josh Sborz","TEX",1.9329,1.42928,0,4.43036,44.719,0,0,10.2799,,47.0887,202.724,41.9025,24.8,23.18,5.90311,20.3717,0.917193,2.12192,50.8907,9.72667,3.89362,2.4981,1.12825,0.251034,0.10049,0.1505441665649414,0.232494,1.32249,0.291642,0.69384,,,4.03641,0.285732,-0.0448629,999,,,,,,,240.8,5.123404255319149,233,4.957446808510638,,,,,,,,,,,,,,,,,,,"Josh Sborz","18323",622250
"Tyler Phillips","MIA",2.09583,1.87175,0,4.3301,57.31,0.022,2,15.4502,,66.0747,285.289,66.4784,34.28,31.79,6.84941,24.5316,1.97615,2.04156,51.7135,7.04387,3.34144,2.10804,0.932954,0.181267,0.0859885,0.09527842700481415,0.256955,1.37738,0.297917,0.696751,,,4.12394,0.28392,0.0498134,999,,,,,,,323.70000000000005,4.904545454545455,332,5.03030303030303,,,,,,,,,,,,,,,,,,,"Tyler Phillips","20629",663969
"Brenan Hanifee","DET",1.93184,1.60045,0,4.18016,50.27,0,0,10.8769,,55.3544,238.092,55.6334,27.67,25.71,4.85531,19.2899,1.41705,2.36428,39.1193,6.36035,3.13632,2.02797,0.789418,0.164303,0.0810187,0.0832846388220787,0.257041,1.35352,0.294428,0.693617,,,4.03557,0.283577,0.075551,999,,,,,,,258.9,4.707272727272727,269,4.890909090909091,,,,,,,,,,,,,,,,,,,"Brenan Hanifee","22304",669724
"Kade Strowd","ARI",1.53923,1.26975,0,4.2394,44.482,0,1,0.6469,,45.9829,199.589,44.0097,23.15,21.66,4.47106,19.8554,1.14257,1.86763,42.7829,8.37368,3.8862,2.15472,0.875099,0.214354,0.0994813,0.11487311869859695,0.247432,1.38889,0.302718,0.706791,,,3.9556,0.280229,0.105953,999,,,,,,,205.80000000000004,4.4739130434782615,207,4.5,,,,,,,,,,,,,,,,,,,"Kade Strowd","26191",669704
"Matt Festa","CLE",2.07345,2.05751,0,4.46972,55.893,0,1,12.6755,,57.3257,246.763,52.473,30.44,28.47,7.71978,21.7287,1.36596,4.24703,56.1908,8.82182,3.41135,2.58602,1.21199,0.227712,0.0880547,0.13965683430433273,0.237663,1.29439,0.285276,0.690313,,,4.28475,0.279917,-0.0219054,999,,,,,,,279.2,4.898245614035088,272,4.771929824561403,,,,,,,,,,,,,,,,,,,"Matt Festa","19330",670036
"Jakob Junis","TEX",2.34969,1.79459,0,4.36077,53.247,0.299,0,13.2991,,61.1107,258.127,59.4666,31.71,29.61,8.2642,16.1717,1.27877,2.89499,50.1322,7.38316,2.38166,3.10001,1.2171,0.194215,0.06265,0.1315654069185257,0.248751,1.23772,0.283412,0.685646,,,4.18847,0.276583,-0.0126797,999,,,,,,,294.60000000000014,4.829508196721314,296,4.852459016393443,,,,,,,,,,,,,,,,,,,"Jakob Junis","13619",596001
"Ryne Stanek","STL",2.52055,2.08165,0,4.32011,56.759,0,3,11.5134,,56.2069,242.086,49.178,28.72,26.98,7.07267,25.9031,1.05156,1.46239,54.4776,8.72311,4.14767,2.10314,1.13249,0.225034,0.106999,0.11803493648767471,0.229033,1.3358,0.274892,0.711285,,,4.2931,0.272547,0.0267848,999,,,,,,,290.9000000000001,5.194642857142859,279,4.982142857142857,,,,,,,,,,,,,,,,,,,"Ryne Stanek","15947",592773
"Gavin Stone","LAD",1.15953,1.01489,0.154474,4.40841,10.301,2.588,0,0.7772,,23.9678,102.556,23.727,12.56,11.74,3.08006,7.76506,0.404934,0.845136,20.613,7.74026,2.91581,2.65458,1.15657,0.200994,0.0757157,0.12527785450220108,0.252562,1.31393,0.293898,0.696545,,,4.16341,0.271338,0.117318,999,,,,,,,97.30000000000001,4.054166666666667,100,4.166666666666667,,,,,,,,,,,,,,,,,,,"Gavin Stone","27792",694813
"Will Klein","LAD",2.34958,1.12591,0,4.23019,44.799,0,0,14.311,,47.5511,207.949,40.2304,23.87,22.35,5.3661,26.7183,1.10999,2.00146,55.449,10.4948,5.05697,2.07532,1.01564,0.266647,0.128485,0.13816234469413757,0.224463,1.40793,0.294427,0.72479,,,4.08192,0.267899,0.11056,999,,,,,,,268.70000000000005,5.597916666666667,254,5.291666666666667,,,,,,,,,,,,,,,,,,,"Will Klein","27787",694361
"Enyel De Los Santos","HOU",2.63086,1.89741,0,4.32066,56.191,0,0,9.7392,,57.7828,246.354,52.5915,29.64,27.74,7.93444,21.5568,1.12065,2.1885,54.8993,8.55087,3.3576,2.54672,1.23583,0.222847,0.0875035,0.13534348458051682,0.236251,1.28323,0.2795,0.706032,,,4.25286,0.264466,0.0313925,999,,,,,,,271.00000000000006,4.672413793103449,264,4.551724137931035,,,,,,,,,,,,,,,,,,,"Enyel De Los Santos","18403",660853
"Kyle Hart","SDP",1.19735,1.22864,0,4.17476,27.037,1.173,0,0.6537,,36.0883,154.772,32.5327,17.97,16.74,4.41636,13.9408,0.8853,2.07695,35.6439,8.88918,3.47666,2.55681,1.10139,0.230299,0.0900728,0.14022663235664368,0.234462,1.28777,0.284884,0.707448,,,4.0822,0.26444,0.140984,999,,,,,,,159.40000000000003,4.427777777777779,156,4.333333333333333,,,,,,,,,,,,,,,,,,,"Kyle Hart","19646",606996
"Justin Sterner","ATH",2.65691,2.1707,0,4.31092,60.749,0.026,9,10.217,,65.4292,277.461,55.1786,33.57,31.34,10.3328,25.3966,2.02746,3.42981,66.855,9.19613,3.49339,2.63244,1.4213,0.240953,0.0915324,0.149420864880085,0.221927,1.23149,0.261573,0.711022,,,4.46627,0.264278,-0.00350649,466.69000244140625,,,,,,,350,5.384615384615385,330,5.076923076923077,,,,,,,,,,,,,,,,,,,"Justin Sterner","27694",686993
"Pierce Johnson","CIN",2.12737,1.78029,0,4.36982,58.363,0,1,12.0126,,58.8216,251.459,53.7264,30.54,28.56,8.51051,23.4012,1.16056,1.1417,60.6821,9.28467,3.58051,2.59312,1.30215,0.241321,0.093062,0.1482584998011589,0.236768,1.31121,0.286679,0.714393,,,4.20449,0.264014,-0.0173095,999,,,,,,,288.5,4.889830508474576,281,4.762711864406779,,,,,,,,,,,,,,,,,,,"Pierce Johnson","13435",572955
"Kyle Backhus","PHI",1.53495,1.0672,0,4.29882,38.893,0,0,6.6189,,37.7266,164.105,36.1841,19.38,18.02,3.87373,14.1664,1.35384,3.48225,36.9223,8.80812,3.37952,2.60633,0.92411,0.224992,0.0863255,0.13866683840751648,0.247064,1.33461,0.305795,0.689347,,,3.91601,0.26313,0.0875262,999,,,,,,,189.4,4.984210526315789,189,4.973684210526316,,,,,,,,,,,,,,,,,,,"Kyle Backhus","29615",679775
"Tim Herrin","CLE",1.9904,1.8215,0,4.1603,53.106,0,0,10.4573,,51.5949,223.123,46.3055,25.53,23.85,5.34187,22.0303,1.14934,4.43067,50.0982,8.73893,3.84288,2.27406,0.931814,0.224532,0.098736,0.12579558789730072,0.235457,1.32447,0.290065,0.703381,,,4.07769,0.260578,0.119773,999,,,,,,,265.70000000000005,5.109615384615386,257,4.9423076923076925,,,,,,,,,,,,,,,,,,,"Tim Herrin","25139",682120
"Connor Brogdon","CLE",1.65885,1.58874,0,4.37081,44.392,0,0,7.0621,,47.2773,201.909,43.1228,24.62,22.96,6.64672,18.1706,1.24803,1.25486,47.1618,8.97802,3.45906,2.59551,1.26531,0.233579,0.0899938,0.1435856744647026,0.236311,1.29647,0.283474,0.705421,,,4.20034,0.255925,-0.044855,999,,,,,,,214.90000000000003,4.572340425531916,209,4.446808510638298,,,,,,,,,,,,,,,,,,,"Connor Brogdon","21205",641401
"McCade Brown","COL",1.47599,3.14152,0.504982,5.35336,12.682,6.052,0,0.6093,,36.4986,162.255,38.7323,23.22,21.71,5.90288,14.015,0.550609,2.55968,34.5399,8.51701,3.45588,2.4645,1.45556,0.212875,0.0863764,0.12649818509817123,0.265872,1.44519,0.311956,0.663784,,,4.7073,0.254467,-0.12245,999,,,,,,,114.20000000000002,3.1722222222222225,125,3.4722222222222223,,,,,,,,,,,,,,,,,,,"McCade Brown","30004",685326
"Jimmy Herget","COL",2.50101,3.05765,0,5.20908,61.834,0.578,2,14.5869,,70.4405,310.738,75.452,43.63,40.77,10.2746,22.993,2.2899,5.06575,63.7075,8.13975,2.93775,2.77074,1.31276,0.20502,0.0739948,0.13102558255195618,0.266918,1.39756,0.312307,0.652089,,,4.41751,0.253459,-0.696675,999,,,,,,,314,4.485714285714286,334,4.771428571428571,,,,,,,,,,,,,,,,,,,"Jimmy Herget","17556",623474
"Yennier Cano","BAL",2.561,1.84039,0,4.21987,56.093,0,2,12.5929,,55.388,237.157,53.7268,27.85,25.97,5.83501,20.6346,1.01391,2.20934,48.3951,7.86372,3.35292,2.34534,0.948131,0.204063,0.0870081,0.11705516278743744,0.250693,1.34255,0.299168,0.70267,,,3.99447,0.253355,0.0755483,999,,,,,,,281.79999999999995,5.123636363636363,286,5.2,,,,,,,,,,,,,,,,,,,"Yennier Cano","25911",666974
"Jacob Webb","CHC",2.28534,1.64874,0,4.0001,51.725,0,0,10.7303,,53.6611,225.189,44.2154,25.5,23.85,7.09762,21.2239,1.25534,1.94968,49.5035,8.30269,3.55966,2.33244,1.19041,0.219831,0.0942493,0.12558142095804214,0.218871,1.21949,0.255255,0.719593,,,4.30512,0.252247,0.226871,999,,,,,,,274.1,5.075925925925926,254,4.703703703703703,,,,,,,,,,,,,,,,,,,"Jacob Webb","19274",657097
"José Buttó","SFG",2.18997,1.83819,0,4.22333,54.506,0.34,2,12.9601,,62.1832,270.783,57.6962,31.29,29.18,6.39777,29.5401,1.68843,2.45464,56.45,8.17022,4.27544,1.91096,0.925972,0.208469,0.109091,0.09937827289104462,0.241621,1.40289,0.291567,0.7147,,,4.20062,0.25148,0.142806,999,,,,,,,312.19999999999993,5.035483870967741,310,5,,,,,,,,,,,,,,,,,,,"Jose Butto","23313",676130
"Grant Wolfram","BAL",1.64581,1.18454,0,4.22038,35.95,0,0,4.4076,,39.1955,169.643,36.6857,19.69,18.38,4.19626,16.1725,1.35974,1.97139,37.8048,8.68067,3.7135,2.3376,0.963537,0.222849,0.0953325,0.12751666456460953,0.242151,1.34858,0.296712,0.705955,,,3.9866,0.251179,0.0387133,999,,,,,,,181.20000000000005,4.646153846153847,181,4.641025641025641,,,,,,,,,,,,,,,,,,,"Grant Wolfram","21623",664991
"Tanner Houck","BOS",0.925775,1.17728,0.147043,4.12985,6.976,2.718,0,0,,20.8119,89.108,20.0716,10.24,9.55,2.0843,7.1511,0.321402,1.46061,16.2981,7.04805,3.09246,2.27911,0.901347,0.182903,0.080252,0.10265123844146729,0.249348,1.30803,0.289586,0.698742,,,4.11221,0.249618,0.26564,999,,,,,,,86.80000000000001,4.133333333333334,87,4.142857142857143,,,,,,,,,,,,,,,,,,,"Tanner Houck","19879",656557
"José Leclerc",,1.80299,1.91598,0,4.06899,31.573,0,0,0,,32.8681,140.185,26.582,15.85,14.86,3.91548,15.2303,0.666347,1.92203,35.0082,9.58601,4.17039,2.29859,1.07214,0.249728,0.108644,0.14108391851186752,0.216056,1.27213,0.269489,0.714612,,,4.11912,0.248817,0.127241,999,,,,,,,143.80000000000007,4.357575757575759,132,4,,,,,,,,,,,,,,,,,,,"Jose Leclerc","14524",600917
"Casey Legumina","SEA",1.79887,1.4958,0,4.13905,44.736,0.024,0,4.3334,,47.3369,200.871,40.2933,23.29,21.77,6.78825,18.3034,1.33712,2.60073,48.0906,9.14329,3.47996,2.62741,1.29063,0.239411,0.0911204,0.1482902690768242,0.223893,1.23787,0.267853,0.719178,,,4.29234,0.248284,0.15947,999,,,,,,,206.70000000000005,4.397872340425533,193,4.1063829787234045,,,,,,,,,,,,,,,,,,,"Casey Legumina","25921",668984
"Brock Stewart","LAD",1.76796,0.844336,0,4.15866,33.321,0,0,0.7772,,33.3713,142.997,28.5993,16.54,15.42,4.34798,13.9744,0.78501,2.25247,38.1331,10.2842,3.7688,2.72878,1.17262,0.266671,0.0977254,0.1689455807209015,0.2256,1.27576,0.287717,0.713516,,,4.0023,0.247446,0.0248994,999,,,,,,,151.60000000000005,4.5939393939393955,145,4.393939393939394,,,,,,,,,,,,,,,,,,,"Brock Stewart","16727",592779
"Coleman Crow","MIL",0.703563,0.601365,0,3.62886,13.247,0.626,0,0,,16.84,69.8227,14.2912,7.3,6.79,1.9522,5.10393,0.454614,0.761858,17.6037,9.40815,2.72775,3.44904,1.04334,0.25212,0.0730985,0.17902138829231262,0.22345,1.15173,0.277899,0.725909,,,3.59646,0.246398,0.24405,999,,,,,,,82.80000000000001,4.870588235294118,77,4.529411764705882,,,,,,,,,,,,,,,,,,,"Coleman Crow","sa3015142",689441
"Sam Moll","CIN",1.8494,1.51749,0,4.27982,50.746,0,0,4.5244,,48.7451,210.236,44.5645,24.86,23.18,5.8246,19.9976,2.02734,3.17929,47.9469,8.85263,3.69223,2.39764,1.07542,0.228062,0.0951195,0.13294251263141632,0.238237,1.32448,0.290648,0.703842,,,4.14768,0.246309,0.0617321,999,,,,,,,218.8,4.46530612244898,214,4.36734693877551,,,,,,,,,,,,,,,,,,,"Sam Moll","14874",594580
"Joel Peguero","SFG",1.83394,1.48031,0,4.30061,47.033,0,2,0.6513,,49.8487,218.249,49.2445,25.57,23.82,4.64893,22.3792,1.5472,1.80985,43.7651,7.90163,4.04048,1.95562,0.839347,0.200529,0.10254,0.09798890352249146,0.25376,1.43682,0.306193,0.707265,,,4.04735,0.244278,0.0129919,999,,,,,,,211.1,4.2219999999999995,215,4.3,,,,,,,,,,,,,,,,,,,"Joel Peguero","21951",666711
"Dax Fulton","MIA",0.527686,0.752369,0,3.67999,12.741,1.008,0,0,,17.3397,74.0755,15.7341,7.61,7.09,1.21628,7.02214,0.568384,0.761059,17.08,8.86521,3.64477,2.43231,0.6313,0.230576,0.094797,0.13577866554260254,0.237344,1.31238,0.30248,0.719419,,,3.42356,0.243129,0.140482,999,,,,,,,81.9,4.81764705882353,82,4.823529411764706,,,,,,,,,,,,,,,,,,,"Dax Fulton","sa3014535",690978
"Carlos Vargas","SEA",2.0224,1.68175,0,4.05046,51.445,0,0,10.0103,,53.7273,230.485,52.3943,25.94,24.18,4.71104,18.6705,1.61764,3.84008,38.8456,6.50713,3.12755,2.08059,0.789158,0.168538,0.0810053,0.08753307908773422,0.251926,1.32269,0.290012,0.699942,,,4.08594,0.242028,0.226875,999,,,,,,,251.90000000000003,4.664814814814815,254,4.703703703703703,,,,,,,,,,,,,,,,,,,"Carlos Vargas","22915",672841
"Yuki Matsui","SDP",2.00015,1.44241,0,4.08082,46.387,0,0,4.1836,,47.8139,202.969,41.0693,23.29,21.68,6.51415,19.6093,1.37325,1.21398,46.3999,8.73383,3.69105,2.36622,1.22616,0.228606,0.0966124,0.13199371099472046,0.225476,1.26906,0.26739,0.725165,,,4.27192,0.240162,0.213071,999,,,,,,,207.50000000000003,4.322916666666667,194,4.041666666666667,,,,,,,,,,,,,,,,,,,"Yuki Matsui","33826",673513
"Spencer Bivens","SFG",2.28528,1.89188,0,4.39163,58.143,0.067,0,14.1837,,67.6081,293.622,69.1232,35.51,32.99,6.81606,24.8064,1.82979,3.38356,48.917,6.51184,3.30223,1.97195,0.907355,0.166598,0.0844841,0.08211424201726913,0.260417,1.38932,0.297126,0.692281,,,4.24957,0.235638,-0.0475218,999,,,,,,,307.70000000000005,4.525,319,4.6911764705882355,,,,,,,,,,,,,,,,,,,"Spencer Bivens","30226",702352
"Chase Silseth","LAA",1.80172,1.48745,0,4.03047,44.46,0,0,6.4471,,51.3141,218.974,42.9222,24.52,22.98,6.34978,22.7079,1.47992,3.04138,52.8241,9.26484,3.98275,2.32624,1.11369,0.241234,0.103701,0.13753288239240646,0.222136,1.27899,0.272825,0.72453,,,4.19034,0.235352,0.168686,999,,,,,,,243.8,4.780392156862745,229,4.490196078431373,,,,,,,,,,,,,,,,,,,"Chase Silseth","30074",681217
"Jason Alexander","HOU",1.99442,3.09408,0.458744,5.28654,20.384,6.093,0,0.6558,,48.4003,215.063,54.1522,30.45,28.43,6.82993,17.75,0.86117,2.3189,37.0065,6.88134,3.3006,2.08487,1.27002,0.172073,0.0825341,0.08953896164894104,0.277712,1.48557,0.313066,0.664934,,,4.68436,0.235274,-0.162611,999,,,,,,,146.70000000000002,3.0562500000000004,167,3.4791666666666665,,,,,,,,,,,,,,,,,,,"Jason Alexander","19666",669920
"Nick Mears","KCR",2.43292,1.89688,0,4.27956,57.886,0,0,12.3759,,58.7794,251.573,52.8243,29.92,27.95,7.66678,24.1566,1.46051,1.20951,55.4398,8.48866,3.69873,2.29502,1.1739,0.220372,0.0960222,0.12435034662485123,0.233522,1.30966,0.276869,0.710381,,,4.23904,0.235183,0.08476,999,,,,,,,283.40000000000003,4.8033898305084755,274,4.6440677966101696,,,,,,,,,,,,,,,,,,,"Nick Mears","25376",683232
"Carson Seymour","SFG",0.729065,0.977988,0,3.96067,16.803,1.293,0,0.6513,,26.291,114.183,25.5639,12.48,11.57,2.27657,11.3488,0.761569,1.33975,24.4547,8.3714,3.88496,2.15482,0.779322,0.214172,0.0993921,0.11478026211261749,0.251876,1.40401,0.311483,0.724458,,,3.84837,0.23505,0.22461,999,,,,,,,116.20000000000002,4.46923076923077,120,4.615384615384615,,,,,,,,,,,,,,,,,,,"Carson Seymour","30084",693313
"Dylan Dodd","ATL",1.37906,1.05018,0,4.51088,36.949,0,0,0.6492,,40.941,174.585,41.164,22.01,20.52,5.80417,11.2443,1.09301,1.69124,38.6924,8.5057,2.47181,3.44109,1.27592,0.221626,0.0644057,0.15721986442804337,0.25465,1.28009,0.301827,0.686463,,,4.03584,0.234052,-0.058601,999,,,,,,,166.00000000000003,4.048780487804879,170,4.146341463414634,,,,,,,,,,,,,,,,,,,"Dylan Dodd","29928",689266
"Jordan Romano","LAA",2.24282,2.02206,0,4.43055,57.12,0,5,12.5536,,57.2638,243.748,51.7062,30.21,28.19,8.86252,20.3897,1.81115,3.04517,59.6805,9.37983,3.20459,2.927,1.3929,0.244845,0.0836505,0.16119438409805298,0.234694,1.25901,0.282293,0.701743,,,4.29042,0.23325,-0.0219102,744.1900024414062,,,,,,,303.9,5.3315789473684205,296,5.192982456140351,,,,,,,,,,,,,,,,,,,"Jordan Romano","16122",605447
"Matt Gage","SFG",1.96218,1.69533,0,4.55919,50.832,0.088,0,10.0299,,53.0423,232.021,54.7343,28.86,26.87,5.871,20.3152,1.6979,1.98576,43.5795,7.39439,3.447,2.14517,0.996168,0.187826,0.0875576,0.10026814788579941,0.260987,1.4149,0.304882,0.691148,,,4.19216,0.229746,-0.132816,999,,,,,,,237.40000000000003,4.4792452830188685,249,4.69811320754717,,,,,,,,,,,,,,,,,,,"Matt Gage","17381",657424
"Walker Buehler","SDP",2.23538,3.3341,0.525528,4.82639,20.912,7.112,0,0.6537,,51.7467,225.522,49.9707,29.7,27.75,7.77471,21.2914,0.85082,3.02923,39.8504,6.93094,3.70309,1.87167,1.35221,0.176703,0.0944093,0.08229336142539978,0.248361,1.37713,0.274756,0.68837,,,4.9581,0.227329,0.0875818,999,,,,,,,168.39999999999998,3.238461538461538,168,3.230769230769231,,,,,,,,,,,,,,,,,,,"Walker Buehler","19374",621111
"Tink Hence","STL",0.729417,1.04553,0.333719,4.00556,3.888,2.465,0,0,,13.0993,55.052,11.9879,6.22,5.83,1.53917,4.16866,0.116191,0.489356,12.6476,8.68967,2.86412,3.03398,1.0575,0.22974,0.0757223,0.1540173664689064,0.237883,1.23339,0.288581,0.709667,,,3.79838,0.226176,0.189975,999,,,,,,,54.39999999999999,4.184615384615384,53,4.076923076923077,,,,,,,,,,,,,,,,,,,"Tink Hence","sa3014709",693311
"Kervin Castro","NYY",1.35137,0.708712,0,3.77951,25.316,0,0,0.691,,26.5749,112.349,22.5902,11.94,11.16,2.70532,10.4315,0.955509,1.30598,25.7749,8.72908,3.5328,2.47087,0.916198,0.229418,0.0928492,0.13656862825155258,0.224529,1.24259,0.275676,0.721131,,,3.84377,0.225739,0.216412,999,,,,,,,126.10000000000001,4.670370370370371,119,4.407407407407407,,,,,,,,,,,,,,,,,,,"Kervin Castro","21656",665645
"Chase Lee","TOR",1.0495,0.575762,0,3.84834,22.205,0,0,0.6481,,24.2286,101.87,21.6332,11.1,10.36,2.81908,7.62167,0.8845,1.34814,24.0923,8.94935,2.83116,3.16102,1.04718,0.236499,0.0748173,0.16168177127838135,0.232863,1.20745,0.285108,0.717352,,,3.76963,0.22287,0.15798,999,,,,,,,108.50000000000001,4.520833333333334,106,4.416666666666667,,,,,,,,,,,,,,,,,,,"Chase Lee","29574",695445
"Jack Perkins","ATH",0.832353,0.831802,0,4.13292,18.719,0.515,0,0.6336,,24.7815,106.838,20.6844,12.18,11.38,3.07358,11.6122,0.672262,1.76148,27.7002,10.06,4.21726,2.38543,1.11625,0.259273,0.10869,0.15058298408985138,0.221308,1.30326,0.280917,0.718615,,,4.13093,0.221384,0.163209,999,,,,,,,111.5,4.46,104,4.16,,,,,,,,,,,,,,,,,,,"Jack Perkins","31468",678022
"Zach McCambley","PHI",1.49343,1.01927,0,4.19987,36.794,0,0,0,,38.144,163.797,34.0128,19.12,17.8,4.99498,15.475,1.3692,2.11735,40.1072,9.46322,3.65129,2.59175,1.17855,0.244859,0.0944764,0.15038235485553741,0.232638,1.29739,0.287013,0.714623,,,4.11818,0.221244,0.0875262,999,,,,,,,160.29999999999998,4.218421052631578,154,4.052631578947368,,,,,,,,,,,,,,,,,,,"Zach McCambley","sa3014478",685112
"Mike Vasil","CHW",2.26819,2.38658,0,4.45155,56.894,0.819,1,0,,71.6313,312.116,68.6675,38.02,35.43,7.55091,31.0777,2.152,3.92199,56.9229,7.15199,3.90471,1.83163,0.948722,0.182378,0.0995711,0.0828065276145935,0.247793,1.39248,0.287415,0.692189,,,4.38201,0.219151,0.0207125,999,,,,,,,269.0000000000001,3.7361111111111125,270,3.75,,,,,,,,,,,,,,,,,,,"Mike Vasil","30105",678024
"Hayden Harris","ATL",1.28146,1.03202,0,4.62079,34.961,0,0,6.4917,,36.0328,156.81,34.6342,19.87,18.5,5.21827,14.2009,0.816966,1.72731,41.2369,10.2998,3.54699,2.90382,1.30338,0.262974,0.0905613,0.17241258919239044,0.245839,1.3553,0.311523,0.697458,,,4.05509,0.219107,-0.120867,999,,,,,,,171.90000000000003,4.775000000000001,173,4.805555555555555,,,,,,,,,,,,,,,,,,,"Hayden Harris","31913",802686
"Tristan Beck","SFG",0.889951,0.721052,0,4.23275,22.439,0.05,0,0.6513,,27.7054,118.909,27.3306,13.99,13.03,3.08601,9.19533,0.796808,0.983297,24.1517,7.8456,2.98707,2.62652,1.00248,0.203112,0.0773311,0.12578077614307404,0.251362,1.31837,0.297508,0.699753,,,3.94186,0.215411,0.0644932,999,,,,,,,122.10000000000001,4.360714285714286,123,4.392857142857143,,,,,,,,,,,,,,,,,,,"Tristan Beck","21584",663941
"Rob Zastryzny","MIL",2.29791,1.66968,0,4.23234,46.498,0.395,0,3.9742,,45.3366,192.447,41.0475,22.9,21.32,6.50049,15.5087,1.15856,2.1532,43.1728,8.57045,3.07871,2.78377,1.29044,0.224335,0.0805868,0.14374860376119614,0.234845,1.24747,0.276128,0.709216,,,4.26329,0.214913,0.0525228,999,,,,,,,188.29999999999998,4.184444444444444,182,4.044444444444444,,,,,,,,,,,,,,,,,,,"Rob Zastryzny","15094",642239
"Anthony Banda","MIN",2.54917,2.05464,0,4.51841,52.38,0.257,1,9.5695,,54.756,239.528,51.7219,29.48,27.49,6.15742,23.2151,2.16822,4.49202,51.4319,8.45364,3.81577,2.21545,1.01207,0.214722,0.0969204,0.11780174821615219,0.244178,1.36856,0.29543,0.685454,,,4.23646,0.213695,-0.0264895,999,,,,,,,264,4.8,263,4.781818181818182,,,,,,,,,,,,,,,,,,,"Anthony Banda","14706",607455
"Sean Newcomb","CHW",2.28033,2.79577,0,4.5822,56.534,1.876,1,12.5061,,71.5726,311.635,67.2118,39.12,36.44,9.29432,30.2248,1.67821,5.26261,66.4777,8.35933,3.80066,2.19944,1.16873,0.213319,0.0969877,0.11633135378360748,0.243391,1.36137,0.289045,0.690754,,,4.45314,0.213118,-0.0291958,999,,,,,,,331.9000000000001,4.609722222222223,327,4.541666666666667,,,,,,,,,,,,,,,,,,,"Sean Newcomb","16943",656794
"Juan Morillo","ARI",1.11867,0.896914,0,4.11951,31.714,0,0,6.9869,,31.3071,135.145,28.7513,15.36,14.33,3.04758,14.0991,0.939542,0.934632,29.0976,8.36483,4.05314,2.06379,0.876103,0.215307,0.104326,0.11098126322031021,0.239373,1.36871,0.292201,0.712486,,,3.98237,0.212799,0.122634,999,,,,,,,158.09999999999997,5.099999999999999,157,5.064516129032258,,,,,,,,,,,,,,,,,,,"Juan Morillo","21924",666661
"Luke Little","CHC",0.858834,0.557946,0,3.42202,19.48,0,0,0.7226,,19.9356,85.1063,15.2087,8.08,7.58,1.30579,10.2196,0.571905,1.8817,22.3684,10.0983,4.61369,2.18876,0.589504,0.262829,0.120081,0.14274774491786957,0.208324,1.27552,0.28183,0.735092,,,3.56364,0.2125,0.252415,999,,,,,,,108.69999999999999,5.435,99,4.95,,,,,,,,,,,,,,,,,,,"Luke Little","28036",681432
"Gunnar Hoglund","ATH",1.94464,2.99382,0.413938,4.84275,20.844,5.803,0,0.6336,,48.1152,206.238,47.4278,27.74,25.89,8.63428,15.3955,0.849822,1.9882,40.5456,7.5841,2.87974,2.63361,1.61505,0.196597,0.0746491,0.12194753438234329,0.251135,1.30568,0.277743,0.691497,,,4.86651,0.212346,0.0269605,999,,,,,,,157.30000000000007,3.277083333333335,158,3.2916666666666665,,,,,,,,,,,,,,,,,,,"Gunnar Hoglund","31318",680684
"Tanner Gordon","COL",2.24582,4.96324,0.826026,5.85977,25.441,8.5,0,0.6093,,63.4018,282.407,76.4819,44.18,41.28,12.0365,17.9592,1.31494,1.90702,48.5203,6.88755,2.54933,2.7017,1.70861,0.17181,0.0635931,0.10821665823459625,0.291314,1.48957,0.319062,0.647778,,,5.01257,0.211166,-0.645255,999,,,,,,,163.00000000000003,2.587301587301588,201,3.1904761904761907,,,,,,,,,,,,,,,,,,,"Tanner Gordon","27669",685299
"Jaden Hill","COL",1.79664,1.75443,0,4.49027,42.608,0,0,0.6093,,44.4962,194.36,42.4897,23.77,22.2,4.88418,18.8893,1.14132,3,43.6655,8.83197,3.82064,2.31165,0.987897,0.224663,0.0971875,0.1274755820631981,0.246359,1.37942,0.303464,0.689553,,,4.07525,0.210907,-0.102606,999,,,,,,,180.90000000000003,4.111363636363637,181,4.113636363636363,,,,,,,,,,,,,,,,,,,"Jaden Hill","30250",677955
"Easton McGee","MIL",1.12585,0.753459,0,4.1891,23.304,0,0,0.621,,27.414,115.521,26.1885,13.67,12.76,3.64953,7.27741,0.726212,1.1471,25.4914,8.36882,2.38917,3.50282,1.19814,0.220666,0.0629966,0.15766895562410355,0.244533,1.22076,0.289128,0.698107,,,3.92797,0.210762,0.011103,999,,,,,,,113.00000000000003,4.185185185185186,113,4.185185185185185,,,,,,,,,,,,,,,,,,,"Easton McGee","22176",668834
"Max Lazar","PHI",1.41101,0.978774,0,4.26025,34.698,0,0,0.6364,,37.6668,158.943,37.0762,19.13,17.83,4.94681,10.1711,1.02055,0.956597,29.3063,7.00237,2.43025,2.88134,1.18198,0.184383,0.0639921,0.12039057910442352,0.250828,1.25435,0.282924,0.697323,,,4.17263,0.207091,0.0875263,999,,,,,,,152.5,4.0131578947368425,154,4.052631578947368,,,,,,,,,,,,,,,,,,,"Max Lazar","23426",676661
"Cody Laweryson","MIN",0.951884,0.648145,0,4.02137,18.737,0,0,4.2707,,21.4852,90.1014,19.0987,10.29,9.6,2.62124,6.68242,0.627234,0.742578,20.6326,8.64285,2.79922,3.08759,1.09802,0.228993,0.0741655,0.15482743829488754,0.231005,1.19995,0.277292,0.700594,,,3.83729,0.206218,0.0996445,999,,,,,,,103.1,4.909523809523809,100,4.761904761904762,,,,,,,,,,,,,,,,,,,"Cody Laweryson","26429",689520
"Justin Martinez","ARI",0.807536,0.602657,0,3.83989,22.768,0,2,0.6469,,23.7663,103.203,19.9812,10.85,10.14,2.03262,12.3706,0.888626,1.75797,27.1703,10.2891,4.6846,2.19636,0.769726,0.26327,0.119867,0.14340363442897797,0.22432,1.36125,0.299785,0.728723,,,3.74395,0.205254,0.157963,999,,,,,,,127.00000000000003,5.291666666666668,120,5,,,,,,,,,,,,,,,,,,,"Justin Martinez","24453",679885
"Paul Sewald","ARI",1.80516,1.53058,0,4.54974,50.99,0,10,9.4104,,51.7084,219.332,46.5672,27.94,26.14,8.93827,16.612,1.28917,2.57243,52.2314,9.09102,2.89136,3.1442,1.55573,0.238138,0.075739,0.16239949315786362,0.232664,1.22184,0.270755,0.695524,,,4.47511,0.204224,-0.0842927,479.1099853515625,,,,,,,281.90000000000003,5.421153846153847,273,5.25,,,,,,,,,,,,,,,,,,,"Paul Sewald","13892",623149
"Evan Phillips","LAD",1.07432,0.443696,0,3.65196,19.32,0,1,0.7772,,19.3704,80.1239,16.0633,8.4,7.86,2.22916,6.16276,0.403149,0.829955,19.6501,9.12997,2.86338,3.18853,1.03573,0.245247,0.0769154,0.1683313474059105,0.21965,1.14742,0.269924,0.723679,,,3.6853,0.203391,0.198208,999,,,,,,,102.4,5.389473684210526,97,5.105263157894737,,,,,,,,,,,,,,,,,,,"Evan Phillips","17734",623465
"Julian Aguiar","CIN",0.942451,1.49104,0,4.51775,23.358,2.024,0,0.6526,,34.6234,148.099,33.9945,18.58,17.38,5.095,10.4256,0.993674,1.86285,28.1991,7.33006,2.71002,2.7048,1.32439,0.190407,0.070396,0.12001124024391174,0.250309,1.28295,0.281902,0.693004,,,4.48399,0.203304,0.0407538,999,,,,,,,133.1,3.8028571428571425,134,3.8285714285714287,,,,,,,,,,,,,,,,,,,"Julian Aguiar","30031",687924
"Mark Leiter Jr.","ATH",2.57394,2.23937,0,4.58948,62.706,0,7,12.9985,,62.458,270.634,59.1622,34.19,31.85,8.87711,24.5145,1.19292,4.32697,66.2264,9.54302,3.53247,2.70152,1.27916,0.244709,0.090582,0.15412668883800507,0.244682,1.33973,0.301671,0.694563,,,4.24747,0.203138,-0.163093,722.9000244140625,,,,,,,326.69999999999993,5.269354838709677,325,5.241935483870968,,,,,,,,,,,,,,,,,,,"Mark Leiter Jr.","15551",643410
"Yerry De los Santos","NYY",1.76387,1.01893,0,4.12002,34.275,0,0,0.691,,37.5508,160.967,36.2331,18.45,17.19,3.55458,14.2702,0.862767,1.40162,29.8016,7.1427,3.42022,2.08837,0.851946,0.185141,0.0886531,0.09648749977350235,0.249376,1.34493,0.291931,0.704053,,,4.03051,0.20184,0.1901,999,,,,,,,157.4,4.1421052631578945,157,4.131578947368421,,,,,,,,,,,,,,,,,,,"Yerry De los Santos","21420",660787
"Drew Pomeranz","LAA",2.09973,2.08058,0,4.45253,52.943,0.432,3,10.2521,,53.0395,227.155,47.4565,28.13,26.24,8.703,19.9333,1.23537,3.07853,57.1697,9.70083,3.38237,2.86805,1.47677,0.251677,0.0877517,0.1639249175786972,0.232467,1.27056,0.280273,0.711156,,,4.41409,0.199208,-0.0311002,736.8499755859375,,,,,,,259.30000000000007,4.892452830188681,248,4.679245283018868,,,,,,,,,,,,,,,,,,,"Drew Pomeranz","11426",519141
"John King","MIA",1.556,1.34793,0,4.12923,42.356,0,0,6.6427,,43.9186,187.83,47.1999,21.77,20.15,3.66136,12.3774,0.866859,1.48185,26.334,5.39647,2.53643,2.12759,0.750303,0.140201,0.0658969,0.07430440932512283,0.27131,1.35654,0.302404,0.694331,,,3.96639,0.198026,0.101346,999,,,,,,,195.20000000000005,4.436363636363637,209,4.75,,,,,,,,,,,,,,,,,,,"John King","22051",667463
"Richard Lovelady","NYM",1.24595,0.762579,0,3.91089,24.539,0,0,0.7173,,25.7972,108.934,22.9753,12.03,11.21,2.8512,8.14039,0.62726,2.31073,24.043,8.38802,2.83998,2.95355,0.994713,0.220711,0.0747275,0.14598385989665985,0.233292,1.20617,0.281106,0.703646,,,3.92332,0.194937,0.162542,999,,,,,,,117.7,4.526923076923077,113,4.346153846153846,,,,,,,,,,,,,,,,,,,"Richard Lovelady","19337",663992
"Victor Vodnik","COL",2.40217,2.49639,0,4.76025,59.043,0,17,4.0494,,62.6374,279.711,64.3446,35.46,33.13,5.92745,32.764,1.9023,0.926935,57.7217,8.29369,4.70767,1.76174,0.85168,0.206362,0.117135,0.08922655880451202,0.261542,1.55033,0.320321,0.694162,,,4.13592,0.194371,-0.211461,498.3399963378906,,,,,,,341,5.412698412698413,352,5.587301587301587,,,,,,,,,,,,,,,,,,,"Victor Vodnik","24614",680767
"Wade Miley",,1.76575,2.69342,1.40627,5.02808,7.265,5.771,0,0,,31.3778,137.561,32.9216,18.79,17.53,4.89235,11.9635,0.225933,1.27444,22.4687,6.44464,3.43144,1.87811,1.40326,0.163337,0.0869685,0.07636811584234238,0.264807,1.43047,0.289075,0.686066,,,4.99559,0.190706,0.0261364,999,,,,,,,87.09999999999998,2.809677419354838,95,3.064516129032258,,,,,,,,,,,,,,,,,,,"Wade Miley","8779",489119
"Mitch Bratt","ARI",0.746721,0.969676,0.562673,4.42735,3.092,2.457,0,0,,12.8271,54.1608,12.8471,6.76,6.31,1.87225,3.16622,0.082051,0.375675,11.4174,8.01093,2.22154,3.60602,1.31364,0.210807,0.0584596,0.15234696120023727,0.2538,1.24839,0.294001,0.690949,,,4.08079,0.189433,0.0975568,999,,,,,,,50.8,3.9076923076923076,52,4,,,,,,,,,,,,,,,,,,,"Mitch Bratt","sa3017719",683352
"Austin Warren","NYM",1.68082,1.12394,0,4.27009,33.971,0,0,4.5906,,38.1491,163.788,35.4115,19.33,18.1,4.50971,15.0756,1.04408,1.57937,35.1666,8.29637,3.55657,2.33269,1.06391,0.214708,0.092043,0.1226646900177002,0.240676,1.32341,0.287574,0.705334,,,4.13799,0.188718,0.0875263,999,,,,,,,167.7,4.413157894736842,164,4.315789473684211,,,,,,,,,,,,,,,,,,,"Austin Warren","24937",681810
"George Soriano","STL",1.45877,1.21373,0,4.31936,33.45,0,0,4.4419,,39.2141,169.828,36.2418,20.1,18.82,4.22144,16.5137,0.978371,2.7074,35.9334,8.24704,3.79004,2.17598,0.96886,0.211586,0.0972374,0.11434894800186157,0.240638,1.34532,0.289902,0.697089,,,4.1724,0.18833,0.038717,999,,,,,,,173.80000000000004,4.4564102564102575,171,4.384615384615385,,,,,,,,,,,,,,,,,,,"George Soriano","21863",666277
"Mitch Spence","KCR",0.865874,0.875077,0,4.39512,20.583,0.512,0,0.663,,25.2894,108.755,25.3185,13.22,12.35,2.90098,8.41771,0.647321,1.02119,20.8936,7.43563,2.9957,2.4821,1.0324,0.192116,0.0774004,0.11471547931432724,0.254927,1.334,0.296835,0.691367,,,4.09373,0.18821,0.0565042,999,,,,,,,102.1,4.084,105,4.2,,,,,,,,,,,,,,,,,,,"Mitch Spence","27707",687765
"José Suarez","ATL",0.966937,0.915123,0,4.59495,24.999,0.578,0,3.9816,,31.9851,138.271,30.6355,17.51,16.33,4.38142,12.3133,0.941047,1.31712,31.5741,8.88435,3.46473,2.56423,1.23285,0.22835,0.0890521,0.13929801434278488,0.245792,1.34278,0.296039,0.690994,,,4.22006,0.186911,-0.0745662,999,,,,,,,148.00000000000003,4.625000000000001,149,4.65625,,,,,,,,,,,,,,,,,,,"Jose Suarez","19911",660761
"Rico Garcia","BAL",2.31959,1.67099,0,4.2099,48.879,0.039,0,10.1815,,52.3552,222.177,44.6146,26.17,24.49,8.12079,22.1523,1.59788,1.08151,54.7595,9.41331,3.80804,2.47195,1.39599,0.246468,0.0997055,0.14676199853420258,0.224258,1.27527,0.268212,0.732825,,,4.39103,0.185915,0.119773,999,,,,,,,250.39999999999998,4.815384615384615,237,4.5576923076923075,,,,,,,,,,,,,,,,,,,"Rico Garcia","20023",670329
"Julian Fernández","WSN",1.26352,1.35366,0,4.55896,38.523,0,0,0.6452,,40.8843,178.332,38.6009,22.18,20.71,4.93268,18.1889,1.13538,1.64097,38.6099,8.49934,4.00398,2.12272,1.08585,0.216506,0.101994,0.1145114153623581,0.243535,1.38904,0.29287,0.693805,,,4.26991,0.185066,-0.058623,999,,,,,,,162.50000000000003,3.9634146341463423,162,3.951219512195122,,,,,,,,,,,,,,,,,,,"Julian Fernandez","18341",642759
"Hunter Bigge","TBR",1.93127,1.45298,0,4.16953,42.068,0,0,6.8608,,44.3791,190.836,37.9479,22.02,20.56,5.59022,20.5254,1.12843,2.34229,45.8615,9.30062,4.16252,2.23437,1.13369,0.240319,0.107555,0.13276348263025284,0.225923,1.31759,0.277709,0.719753,,,4.25172,0.183384,0.101346,999,,,,,,,204,4.636363636363637,193,4.386363636363637,,,,,,,,,,,,,,,,,,,"Hunter Bigge","26259",685801
"Lake Bachar","MIA",1.75917,1.56014,0,4.24973,46.479,0.1,1,4.0878,,50.7844,218.847,43.5284,25.8,23.98,6.9945,23.4096,1.69582,2.46003,52.9047,9.37576,4.14864,2.25996,1.23956,0.241743,0.106968,0.13477525860071182,0.225563,1.31808,0.27453,0.719879,,,4.37032,0.183377,0.066341,999,,,,,,,228.90000000000006,4.488235294117648,216,4.235294117647059,,,,,,,,,,,,,,,,,,,"Lake Bachar","19222",669199
"Germán Márquez","SDP",5.14282,8.21575,5.19033,5.65196,22.045,18.517,0,0.6537,,99.8734,442.056,112.395,67.11,62.72,17.9715,34.7178,0.74931,3.25518,64.151,5.78091,3.12857,1.84778,1.61948,0.14512,0.0785372,0.0665825828909874,0.278148,1.47299,0.293277,0.656015,,,5.33038,0.183068,-0.444194,747.5399780273438,,,,,,,245.40000000000003,2.454,284,2.84,,,,,,,,,,,,,,,,,,,"German Marquez","15038",608566
"Kyle Wright","CHC",0.766909,0.976183,0.125719,4.33019,6.345,2.304,0,0,,18.9553,81.4649,18.0267,9.76,9.12,2.25945,7.24678,0.311615,1.07736,16.4591,7.8148,3.44078,2.27123,1.07279,0.202039,0.0889559,0.11308316141366959,0.246466,1.33332,0.289721,0.701643,,,4.26554,0.182329,0.128604,999,,,,,,,77.2,4.063157894736842,77,4.052631578947368,,,,,,,,,,,,,,,,,,,"Kyle Wright","19665",657140
"Wikelman González","CHW",1.7002,1.52239,0,4.2793,42.313,0,0,0.5969,,47.447,207.983,39.6494,24.11,22.56,5.01617,26.7284,1.38025,2.85309,46.8714,8.89081,5.06999,1.75362,0.951493,0.225362,0.128513,0.0968492180109024,0.222248,1.39899,0.273751,0.712117,,,4.40417,0.179097,0.0571317,999,,,,,,,190.3,4.048936170212766,178,3.7872340425531914,,,,,,,,,,,,,,,,,,,"Wikelman Gonzalez","26641",682790
"Jason Foley","SFG",0.978856,0.758682,0,4.11042,24.809,0,0,0.6513,,25.2456,108.112,26.2102,12.44,11.53,2.1921,7.45245,0.576196,1.14937,18.5735,6.62141,2.65678,2.49227,0.781479,0.171798,0.0689326,0.10286565870046616,0.263391,1.33341,0.305011,0.693693,,,3.81469,0.178982,0.108831,999,,,,,,,110.80000000000001,4.432,117,4.68,,,,,,,,,,,,,,,,,,,"Jason Foley","19531",671345
"Ryan Watson","BOS",1.27241,0.911628,0,4.23069,25.634,0,0,0,,26.9318,115.192,25.2314,13.63,12.66,3.33596,9.531,0.995089,1.19267,25.549,8.5379,3.18504,2.68062,1.1148,0.221795,0.0827399,0.13905464857816696,0.241522,1.29076,0.289686,0.702259,,,4.04263,0.178829,0.0110949,999,,,,,,,116.9,4.32962962962963,115,4.2592592592592595,,,,,,,,,,,,,,,,,,,"Ryan Watson","sa3015070",670245
"Huascar Brazobán","NYM",2.40431,1.67827,0,4.27951,48.369,0.178,1,7.4597,,52.534,228.332,48.9468,26.77,24.98,4.99851,23.3385,0.950485,3.62208,43.0599,7.37691,3.99829,1.84502,0.856333,0.188584,0.102213,0.08637141436338425,0.243067,1.37597,0.286657,0.697153,,,4.27235,0.176506,0.070946,999,,,,,,,241.30000000000004,4.552830188679246,238,4.490566037735849,,,,,,,,,,,,,,,,,,,"Huascar Brazoban","6107",623211
"Gavin Hollowell","CHC",0.814002,0.600832,0,3.88962,18.725,0,0,0.7226,,20.4313,86.8032,16.7795,9.43,8.83,2.32269,8.92414,0.841483,1.11046,21.6665,9.54409,3.93109,2.42785,1.02315,0.249605,0.102809,0.14679566770792007,0.218572,1.25805,0.27391,0.724823,,,3.96552,0.171868,0.148822,999,,,,,,,97.2,4.86,92,4.6,,,,,,,,,,,,,,,,,,,"Gavin Hollowell","25427",668970
"Bryan Hudson","NYM",1.51945,0.986054,0,4.22028,30.55,0,0,0.7173,,33.4599,143.699,29.9627,16.81,15.69,3.98821,12.657,0.840452,2.95931,32.9225,8.85546,3.40447,2.60113,1.07274,0.229108,0.0880802,0.14102762192487717,0.233933,1.27375,0.284896,0.696878,,,4.11693,0.170108,0.0249024,999,,,,,,,139.00000000000006,4.212121212121214,135,4.090909090909091,,,,,,,,,,,,,,,,,,,"Bryan Hudson","19924",663542
"Reiver Sanmartin","SFG",1.02595,0.794418,0,4.11874,26.115,0,0,0.6513,,28.4286,123.01,29.2701,14.01,13.01,2.41372,10.1181,0.745233,1.06652,22.2074,7.03048,3.20322,2.19482,0.764141,0.180534,0.0822546,0.09827914088964462,0.261749,1.38551,0.307972,0.704774,,,3.85685,0.169653,0.0644931,999,,,,,,,122.20000000000002,4.364285714285715,129,4.607142857142857,,,,,,,,,,,,,,,,,,,"Reiver Sanmartin","19754",665665
"JT Brubaker","SFG",1.78194,1.69162,0,4.77756,47.074,0.298,0,12.5758,,55.5723,244.814,59.1887,31.82,29.5,6.67264,21.1834,1.4875,2.70537,47.8569,7.75048,3.43068,2.25917,1.08064,0.195483,0.0865287,0.108954057097435,0.267913,1.44626,0.31561,0.68354,,,4.26334,0.169619,-0.277736,999,,,,,,,250.90000000000006,4.480357142857144,265,4.732142857142857,,,,,,,,,,,,,,,,,,,"JT Brubaker","17578",664141
"Prelander Berroa","CHW",1.03089,0.889247,0,4.08014,25.395,0,0,0.5969,,26.6682,115.757,21.3584,12.96,12.09,2.89258,15.0195,0.770202,1.39939,28.9916,9.78411,5.0688,1.93026,0.976189,0.250452,0.12975,0.12070198357105255,0.215007,1.36409,0.273755,0.724378,,,4.21796,0.168721,0.113439,999,,,,,,,122.30000000000001,4.52962962962963,110,4.074074074074074,,,,,,,,,,,,,,,,,,,"Prelander Berroa","22932",672860
"Tony Santillan","CIN",2.30044,2.11074,0,4.75026,65.14,0,5,13.2961,,66.009,289.452,61.8583,37.14,34.84,9.73656,29.7138,1.59098,3.77131,70.005,9.54484,4.05133,2.35598,1.32753,0.241854,0.102655,0.13919828832149506,0.241665,1.38727,0.295768,0.698377,,,4.45345,0.166923,-0.255415,691.5399780273438,,,,,,,319.2000000000001,4.836363636363638,315,4.7727272727272725,,,,,,,,,,,,,,,,,,,"Tony Santillan","19926",663574
"Jayden Murray","HOU",1.38683,1.00378,0,4.11664,28.959,0.12,0,0.6558,,30.9354,131.433,27.6287,15.17,14.15,3.87254,11.2524,0.787151,1.5733,27.6172,8.03464,3.27366,2.45433,1.12663,0.210124,0.0856134,0.12451036274433136,0.232942,1.25685,0.272691,0.70865,,,4.22081,0.166185,0.122641,999,,,,,,,128.39999999999998,4.141935483870967,124,4,,,,,,,,,,,,,,,,,,,"Jayden Murray","26482",681151
"Tony Gonsolin",,1.0246,1.3462,0.697886,4.41985,3.978,3.063,0,0,,16.4327,70.1386,14.7838,8.62,8.07,2.42049,6.57561,0.124088,0.650476,14.8598,8.13856,3.60139,2.25984,1.32568,0.211864,0.0937517,0.11811210960149765,0.234989,1.29981,0.270933,0.708898,,,4.56065,0.165467,0.0863598,999,,,,,,,60.80000000000001,3.8000000000000007,60,3.75,,,,,,,,,,,,,,,,,,,"Tony Gonsolin","19388",664062
"Taylor Clarke","ARI",1.91996,1.6275,0,4.43084,54.615,0.069,0,12.27,,58.2756,248.48,57.3889,30.76,28.69,8.12872,18.0165,1.17175,1.58684,46.5689,7.19204,2.78244,2.5848,1.25539,0.187415,0.0725067,0.11490855365991592,0.250742,1.29394,0.282814,0.69731,,,4.35941,0.164516,-0.0705192,999,,,,,,,264.6000000000001,4.562068965517243,268,4.620689655172414,,,,,,,,,,,,,,,,,,,"Taylor Clarke","17611",664199
"Adam Macko","TOR",0.56851,0.525442,0,3.88861,11.175,0.745,0,0,,14.8125,63.3722,12.6159,6.85,6.4,1.54918,6.4841,0.494413,0.766025,15.904,9.66317,3.93971,2.45276,0.941275,0.250961,0.102318,0.1486435830593109,0.224794,1.28945,0.286192,0.723519,,,3.81576,0.164412,0.135904,999,,,,,,,63.60000000000001,4.24,60,4,,,,,,,,,,,,,,,,,,,"Adam Macko","sa3011555",671936
"Seth Halvorsen","COL",1.88656,2.03368,0,4.92043,46.903,0,5,0.6093,,48.9652,217.789,51.3265,28.75,26.77,5.37291,22.2017,1.56727,1.81359,45.6995,8.39975,4.08075,2.05838,0.987563,0.209834,0.101941,0.10789251327514648,0.264878,1.50164,0.322026,0.678394,,,4.16637,0.163527,-0.34431,698.4299926757812,,,,,,,217.50000000000003,4.438775510204082,229,4.673469387755102,,,,,,,,,,,,,,,,,,,"Seth Halvorsen","33294",678020
"Josh Simpson","SEA",0.931695,0.685382,0,3.70099,22.941,0,0,0.65,,23.6126,100.485,19.2998,10.4,9.71,2.33959,10.361,0.932283,1.87922,24.7331,9.42707,3.94911,2.38714,0.891739,0.246136,0.103109,0.14302712678909302,0.218707,1.25614,0.277253,0.72998,,,3.88342,0.162926,0.261336,999,,,,,,,121.60000000000002,5.066666666666667,112,4.666666666666667,,,,,,,,,,,,,,,,,,,"Josh Simpson","25957",681006
"Danny Young","ATL",0.557202,0.364474,0,3.74735,14.538,0,0,0.6492,,14.4342,62.1251,12.6162,6.44,6.01,1.07039,5.98744,0.357558,1.62099,16.5731,10.3337,3.73328,2.76799,0.667411,0.266771,0.0963772,0.17039340734481812,0.23142,1.28886,0.313124,0.711113,,,3.38414,0.159935,0.13511,999,,,,,,,71.50000000000003,5.107142857142859,71,5.071428571428571,,,,,,,,,,,,,,,,,,,"Danny Young","18439",664849
"Luis Curvelo","TEX",1.21481,0.837007,0,4.11081,26.978,0,0,0.6445,,28.5272,120.693,24.9492,13.96,13.03,3.72478,10.5573,0.743339,1.1669,27.1002,8.54981,3.3307,2.56698,1.17513,0.224539,0.0874721,0.13706663995981216,0.228957,1.24465,0.271607,0.711298,,,4.16553,0.159644,0.11804,999,,,,,,,122.40000000000003,4.220689655172415,115,3.9655172413793105,,,,,,,,,,,,,,,,,,,"Luis Curvelo","24710",681168
"Juan Burgos","ARI",0.85251,0.671377,0,4.08904,24.091,0,0,0.6469,,25.3996,109.924,23.385,12.37,11.54,2.15767,11.0948,0.735436,1.47539,22.1375,7.84413,3.93129,1.9953,0.764542,0.20139,0.100932,0.10045815259218216,0.240207,1.35749,0.290553,0.702812,,,3.98103,0.158986,0.108835,999,,,,,,,112.60000000000001,4.5040000000000004,111,4.44,,,,,,,,,,,,,,,,,,,"Juan Burgos","27271",686228
"Roddery Muñoz","HOU",1.93727,1.69491,0,4.4967,41.598,0.727,0,12.2423,,50.0367,217.939,45.7837,26.77,25,6.64387,23.787,1.4863,1.92962,50.8295,9.14259,4.27851,2.13686,1.19502,0.233228,0.109145,0.12408289313316345,0.238181,1.39039,0.290464,0.710158,,,4.37145,0.156734,-0.0344297,999,,,,,,,236.29999999999998,4.726,231,4.62,,,,,,,,,,,,,,,,,,,"Roddery Munoz","25311",682610
"Griff McGarry","WSN",1.27947,1.20951,0,4.08903,37.41,0,0,0,,42.7656,188.462,32.7439,20.74,19.43,4.50758,28.2106,1.43109,2.73535,51.5538,10.8495,5.9369,1.82746,0.948618,0.27355,0.149688,0.12386149168014526,0.207876,1.42532,0.278314,0.735938,,,4.26522,0.15506,0.150268,999,,,,,,,181.89999999999998,4.230232558139535,161,3.744186046511628,,,,,,,,,,,,,,,,,,,"Griff McGarry","sa3017130",676046
"Angel Bastardo","TOR",0.68428,0.438064,0,3.69299,13.936,0.273,0,0,,16.182,68.1013,13.6035,7.11,6.64,1.68254,6.35807,0.492512,0.698769,16.7572,9.31991,3.53619,2.63558,0.935786,0.246063,0.0933619,0.15270090848207474,0.222845,1.23357,0.279803,0.729953,,,3.72401,0.153598,0.139761,999,,,,,,,70.4,4.4,67,4.1875,,,,,,,,,,,,,,,,,,,"Angel Bastardo","sa3009716",682785
"Thomas Harrington","PIT",0.858332,1.24327,0.165346,4.90322,9.092,2.429,0,0.6566,,19.2547,83.5055,19.9545,11.2,10.49,2.96999,6.06109,0.326539,0.770909,15.5575,7.27186,2.83306,2.56678,1.38823,0.186305,0.0725831,0.11372193694114685,0.260253,1.35113,0.292101,0.677823,,,4.58885,0.153581,0.00391227,999,,,,,,,66.69999999999999,3.5105263157894733,71,3.736842105263158,,,,,,,,,,,,,,,,,,,"Thomas Harrington","31989",802419
"Cole Winn","TEX",2.44745,1.71161,0,4.18053,54.608,0,4,11.013,,62.0233,269.344,53.5368,30.73,28.81,6.33138,31.0828,1.98054,3.74005,54.9522,7.97393,4.51033,1.76793,0.918726,0.204022,0.115402,0.08862040936946869,0.228282,1.36432,0.27249,0.711361,,,4.37454,0.152384,0.142806,999,,,,,,,313.5999999999999,5.058064516129031,301,4.854838709677419,,,,,,,,,,,,,,,,,,,"Cole Winn","22113",668390
"Bailey Horn","DET",1.20126,0.96941,0,4.11878,30.594,0,0,0.6028,,32.4708,139.727,28.8521,15.95,14.86,3.81879,14.1115,1.19691,1.2369,30.7289,8.51719,3.91132,2.17757,1.05846,0.219922,0.100994,0.11892762035131454,0.231971,1.32315,0.278674,0.718117,,,4.18937,0.151585,0.0737063,999,,,,,,,133.20000000000002,4.1625000000000005,129,4.03125,,,,,,,,,,,,,,,,,,,"Bailey Horn","27753",690544
"Jose Quintana","COL",5.34483,9.96283,10.6077,6.11004,22.067,22.067,0,0,,127.148,579.837,156.369,92.12,86.32,20.1956,52.198,0.383891,4.36545,75.6516,5.3549,3.69477,1.44932,1.42952,0.13047,0.0900219,0.04044859856367111,0.298828,1.64035,0.318589,0.645875,,,5.34461,0.150042,-1.0937,999,,,,,,,272.20000000000016,2.1433070866141746,359,2.826771653543307,,,,,,,,,,,,,,,,,,,"Jose Quintana","11423",500779
"Brandon Eisert","CHW",2.00493,1.79772,0,4.42096,50.438,0.058,0,9.1921,,52.5429,223.455,48.353,27.72,25.81,8.02251,17.2001,1.5775,2.99577,50.1841,8.59597,2.94619,2.91766,1.37416,0.224583,0.0769736,0.14760912954807281,0.237889,1.24761,0.278041,0.696466,,,4.36294,0.149987,-0.0310827,999,,,,,,,245.00000000000006,4.622641509433963,237,4.471698113207547,,,,,,,,,,,,,,,,,,,"Brandon Eisert","27668",685126
"Steven Cruz","KCR",1.62744,1.35522,0,4.4206,39.209,0.096,0,0.663,,40.5149,175.952,37.2354,21.26,19.9,4.72137,18.2232,0.820091,1.7821,36.904,8.19788,4.04811,2.02511,1.04881,0.209739,0.103569,0.10616990178823471,0.23877,1.36884,0.284409,0.700092,,,4.30966,0.147653,0.0433162,999,,,,,,,163.70000000000005,3.9926829268292696,158,3.8536585365853657,,,,,,,,,,,,,,,,,,,"Steven Cruz","23165",674444
"Justin Hagenman","NYM",0.804936,0.541203,0,4.10531,15.896,0.072,0,0.7173,,19.2263,80.8632,17.6262,9.41,8.77,2.63562,5.62878,0.458111,0.841235,18.1401,8.49152,2.63488,3.22274,1.23376,0.22433,0.0696086,0.15472155809402466,0.236933,1.20954,0.279583,0.707636,,,4.03978,0.147487,0.0950585,999,,,,,,,75.89999999999999,3.994736842105263,75,3.9473684210526314,,,,,,,,,,,,,,,,,,,"Justin Hagenman","21546",663795
"Wandy Peralta","SDP",2.4371,1.75435,0,3.95048,56.922,0.084,0,10.2465,,57.0462,244.681,53.2807,26.9,25.04,5.54635,21.8555,1.25633,3.99186,43.3796,6.84386,3.44807,1.98484,0.87503,0.177291,0.0893225,0.0879681259393692,0.243476,1.31711,0.280944,0.715975,,,4.23749,0.145737,0.285109,999,,,,,,,258.2,4.529824561403508,255,4.473684210526316,,,,,,,,,,,,,,,,,,,"Wandy Peralta","14295",593974
"Marco Raya","MIN",0.997589,0.707597,0,4.10955,19.897,0,0,0,,20.6081,88.6266,18.3202,10.07,9.41,2.30095,8.70554,0.594414,1.13021,20.2046,8.8238,3.8019,2.32089,1.00487,0.227975,0.0982272,0.12974761426448822,0.232517,1.31141,0.284608,0.712294,,,4.0576,0.145393,0.0996385,999,,,,,,,94.00000000000001,4.476190476190477,89,4.238095238095238,,,,,,,,,,,,,,,,,,,"Marco Raya","sa3014550",694397
"Chris Roycroft","STL",1.53067,1.3404,0,4.51058,35.883,0,0,0.6663,,39.1879,172.805,38.8544,20.92,19.64,3.29229,18.5569,1.12096,1.76012,30.4511,6.99348,4.26183,1.64096,0.756116,0.176216,0.107386,0.06882999837398529,0.254803,1.46503,0.299484,0.691096,,,4.22855,0.144209,-0.0631935,999,,,,,,,151.3,3.87948717948718,157,4.0256410256410255,,,,,,,,,,,,,,,,,,,"Chris Roycroft","31261",688297
"Steven Wilson","TBR",2.03519,1.54707,0,4.28973,43.66,0,0,0.6597,,44.1217,188.293,37.5246,22.48,21.03,6.49092,18.8333,1.15073,1.38345,41.8683,8.54034,3.84164,2.2231,1.32403,0.222357,0.100022,0.12233591079711914,0.22326,1.27733,0.259226,0.71668,,,4.52438,0.141994,0.101346,999,,,,,,,181,4.113636363636363,170,3.8636363636363638,,,,,,,,,,,,,,,,,,,"Steven Wilson","20353",621051
"DL Hall","MIL",2.26604,1.61933,0,4.30296,46.543,0.223,0,6.4581,,55.7616,241.708,50.6801,28.52,26.66,6.74953,24.6716,1.32693,2.82682,51.7674,8.35533,3.98203,2.09826,1.08938,0.214174,0.102072,0.11210159212350845,0.236591,1.35132,0.282162,0.710622,,,4.33138,0.141674,0.0268085,999,,,,,,,239.70000000000007,4.280357142857144,233,4.160714285714286,,,,,,,,,,,,,,,,,,,"DL Hall","22207",669084
"Ben Joyce","LAA",1.54598,1.38611,0,4.389,40.17,0,9,0.3893,,42.4675,185.785,40.3728,22.15,20.71,4.33298,19.4603,0.989854,2.50909,39.4286,8.35597,4.12416,2.0261,0.918275,0.212228,0.104747,0.10748089104890823,0.246453,1.40891,0.300197,0.70086,,,4.15662,0.141461,-0.00540513,737.4199829101562,,,,,,,214.60000000000002,5.10952380952381,215,5.119047619047619,,,,,,,,,,,,,,,,,,,"Ben Joyce","31461",690829
"Ron Marinaccio","SDP",1.51938,1.20338,0,4.44912,36.495,0,0,0.6537,,40.154,175.035,35.0868,21.27,19.85,4.81896,19.7221,0.895728,2.64075,40.1401,8.99689,4.42044,2.03529,1.08011,0.229326,0.112675,0.11665119230747223,0.229818,1.36497,0.281004,0.697821,,,4.36676,0.141275,-0.0099917,999,,,,,,,158.5,3.9625,150,3.75,,,,,,,,,,,,,,,,,,,"Ron Marinaccio","23488",676760
"Brock Burke","CIN",2.08468,1.92386,0,4.74109,58.961,0.099,0,12.8437,,59.9862,257.833,62.1264,33.86,31.6,9.37539,17.2001,1.68992,2.09939,51.5563,7.73523,2.58061,2.99744,1.40663,0.19996,0.0667104,0.13324981182813644,0.260452,1.32241,0.297019,0.686796,,,4.4132,0.141168,-0.269041,999,,,,,,,271.1,4.5183333333333335,282,4.7,,,,,,,,,,,,,,,,,,,"Brock Burke","17968",656271
"Paxton Schultz","WSN",1.1681,1.26426,0,4.53127,34.935,0.086,0,0.6452,,41.3526,180.132,37.6041,22.35,20.82,5.50966,19.6257,1.26906,1.04074,39.5816,8.61457,4.27134,2.01683,1.19913,0.219737,0.108951,0.11078507453203201,0.235813,1.38395,0.280608,0.70441,,,4.45214,0.138866,-0.0585765,999,,,,,,,151.8,3.702439024390244,148,3.6097560975609757,,,,,,,,,,,,,,,,,,,"Paxton Schultz","25501",687606
"Carlos Estévez","KCR",2.53816,2.15586,0,4.62994,61.603,0,30,3.3201,,63.1369,272.271,61.0356,34.77,32.48,9.44643,22.58,1.98125,1.99513,53.3071,7.59879,3.21873,2.36081,1.34656,0.195787,0.0829321,0.11285450309515,0.246413,1.32436,0.278947,0.693923,,,4.55926,0.136754,-0.211535,110.9800033569336,,,,,,,389.9,6.188888888888888,391,6.2063492063492065,,,,,,,,,,,,,,,,,,,"Carlos Estevez","14542",608032
"Scott Alexander","SFG",1.5207,1.61705,0,4.02489,27.038,0.065,0,0,,26.833,114.135,26.7602,12.89,12,2.35832,8.23395,0.848159,1.13848,17.1204,5.74233,2.76173,2.07925,0.790999,0.150002,0.0721421,0.07785937935113907,0.255437,1.30415,0.286126,0.697457,,,4.04948,0.135355,0.113432,999,,,,,,,112.00000000000001,4.148148148148149,116,4.296296296296297,,,,,,,,,,,,,,,,,,,"Scott Alexander","10591",518397
"Tyler Gilbert","CHW",1.33318,1.31184,0,4.41677,33.56,0.314,0,0.5969,,35.9652,154.932,34.0597,18.92,17.65,4.47851,13.1884,0.991464,2.05215,32.1732,8.05108,3.30028,2.43952,1.12071,0.20766,0.0851234,0.1225365400314331,0.243821,1.31372,0.287085,0.691297,,,4.23608,0.134468,-0.0191908,999,,,,,,,151.80000000000004,4.216666666666668,151,4.194444444444445,,,,,,,,,,,,,,,,,,,"Tyler Gilbert","17964",656457
"Zak Kent","MIN",1.04685,0.784977,0,4.34954,21.498,0,0,6.9186,,24.4164,106.125,23.3905,12.66,11.8,2.56801,10.4514,0.824463,0.982909,22.3588,8.24154,3.85245,2.1393,0.94658,0.210683,0.0984821,0.11220069974660873,0.24702,1.38603,0.29847,0.700305,,,4.07588,0.133096,-0.0466908,999,,,,,,,119.90000000000002,4.9958333333333345,120,5,,,,,,,,,,,,,,,,,,,"Zak Kent","25703",687849
"Mitch Farris","LAA",1.36082,2.15846,1.76795,5.31832,4.865,4.721,0,0,,25.3332,111.5,26.2269,15.98,14.97,4.60017,10.0165,0.0939391,1.0304,21.6435,7.68917,3.5585,2.16079,1.63428,0.194112,0.0898337,0.10427799820899963,0.261086,1.43067,0.291428,0.679907,,,5.09525,0.130429,-0.0327041,999,,,,,,,66.9,2.676,71,2.84,,,,,,,,,,,,,,,,,,,"Mitch Farris","33628",815083
"Alex Lange","KCR",1.84223,1.55554,0,4.55067,45.671,0,0,6.8952,,45.9229,203.389,41.3958,24.8,23.22,4.78519,25.34,0.769137,3.20425,47.7721,9.36241,4.96614,1.88525,0.937805,0.234881,0.124589,0.11029195040464401,0.236758,1.45321,0.299382,0.698505,,,4.27391,0.13032,-0.0980451,999,,,,,,,212.30000000000004,4.615217391304348,205,4.456521739130435,,,,,,,,,,,,,,,,,,,"Alex Lange","19883",656638
"Nolan Hoffman","PHI",0.650999,0.443492,0,4.1824,16.279,0,0,0.6364,,17.215,74.1491,16.2402,8.59,8,1.73701,6.68326,0.454757,0.871127,16.5103,8.63159,3.49401,2.47039,0.908111,0.222664,0.0901328,0.13253086060285568,0.243866,1.3316,0.299979,0.699479,,,3.8452,0.130233,-0.0118916,999,,,,,,,73.60000000000002,4.329411764705884,73,4.294117647058823,,,,,,,,,,,,,,,,,,,"Nolan Hoffman","23381",676510
"Yosver Zulueta","SEA",0.940076,0.783615,0,4.14858,24.203,0,0,0.65,,26.7923,116.371,23.6227,13.23,12.35,2.67018,13.3249,0.642154,1.53912,27.9358,9.38413,4.47605,2.09652,0.89696,0.240058,0.114503,0.12555501610040665,0.23272,1.37904,0.295518,0.714184,,,4.00974,0.130098,0.113443,999,,,,,,,115.5,4.277777777777778,111,4.111111111111111,,,,,,,,,,,,,,,,,,,"Yosver Zulueta","27765",691172
"Michael Lorenzen","COL",6.02999,11.0686,11.6561,6.0301,24.709,24.709,0,0,,141.341,637.911,165.064,101.03,94.7,26.9102,55.2557,0.46079,6.5258,104.346,6.6443,3.51845,1.88842,1.71353,0.163574,0.0866197,0.0769544243812561,0.286504,1.55878,0.310545,0.653121,,,5.44505,0.12902,-1.12281,999,,,,,,,304.30000000000007,2.158156028368795,376,2.6666666666666665,,,,,,,,,,,,,,,,,,,"Michael Lorenzen","14843",547179
"Sam Bachman","LAA",1.55432,1.32303,0,4.14892,39.211,0,0,8.8046,,41.1939,178.79,37.134,20.3,18.99,4.16118,19.8468,1.27279,2.1362,37.503,8.19361,4.33612,1.88962,0.909131,0.20976,0.111006,0.09875351190567017,0.236814,1.38324,0.286365,0.71705,,,4.22847,0.127909,0.145657,999,,,,,,,204.00000000000006,4.975609756097563,199,4.853658536585366,,,,,,,,,,,,,,,,,,,"Sam Bachman","29754",696147
"Ronan Kopp","LAD",0.704398,0.289682,0,3.59927,12.862,0,0,0,,13.4027,57.6807,10.0115,5.73,5.36,1.1548,7.85444,0.339027,0.727454,16.8961,11.3458,5.27431,2.15115,0.775457,0.292924,0.136171,0.15675334632396698,0.203905,1.33301,0.285258,0.746863,,,3.65488,0.126926,0.0812643,999,,,,,,,64.89999999999999,4.9923076923076914,59,4.538461538461538,,,,,,,,,,,,,,,,,,,"Ronan Kopp","sa3017751",691947
"Isaac Mattson","PIT",2.71273,1.9549,0,4.45952,58.02,0,2,13.0655,,62.6234,271.888,54.107,33.11,31.03,8.51648,31.1638,1.44973,2.16457,58.7353,8.44122,4.47874,1.88473,1.22396,0.216028,0.11462,0.10140777379274368,0.226807,1.36164,0.266132,0.711144,,,4.62385,0.126348,-0.00809904,999,,,,,,,296.1,4.7,279,4.428571428571429,,,,,,,,,,,,,,,,,,,"Isaac Mattson","20385",676755
"Danny Coulombe","BOS",2.5281,1.89612,0,4.38946,50.438,0.107,1,10.2242,,48.3271,206.434,44.4149,25.38,23.57,6.72321,16.6904,0.939531,3.73604,43.2244,8.04972,3.10827,2.58978,1.25207,0.209386,0.0808509,0.12853477895259857,0.23878,1.26441,0.277022,0.691108,,,4.42287,0.124504,0.00837808,999,,,,,,,222.70000000000002,4.639583333333333,217,4.520833333333333,,,,,,,,,,,,,,,,,,,"Danny Coulombe","13293",543056
"Joe Jiménez","ATL",0.595471,0.437203,0,4.32254,15.603,0,0,0.6492,,16.3029,69.4134,14.3613,8.37,7.83,2.24951,6.05504,0.273653,0.912414,18.7293,10.3395,3.34268,3.09318,1.24184,0.269822,0.0872315,0.1825908198952675,0.229979,1.25231,0.292081,0.69765,,,3.91337,0.124017,0.0368531,999,,,,,,,78.4,4.9,75,4.6875,,,,,,,,,,,,,,,,,,,"Joe Jimenez","15761",641729
"Pedro Avila",,0.947076,1.49071,0,4.7844,24.801,1.486,0,0,,33.9917,151.173,33.8925,19.3,18.07,3.82537,15.9793,0.723441,2.21391,31.5401,8.35089,4.23086,1.9738,1.01285,0.208636,0.105703,0.10293363779783249,0.25487,1.46718,0.30802,0.686755,,,4.34806,0.123976,-0.0665156,999,,,,,,,124.00000000000003,3.6470588235294126,128,3.764705882352941,,,,,,,,,,,,,,,,,,,"Pedro Avila","18864",658648
"Miguel Ullola","HOU",0.720038,0.522291,0,3.84121,14.467,0.171,0,0,,16.6354,71.4736,11.8283,7.53,7.1,1.79157,9.89558,0.47951,1.06737,19.9846,10.8119,5.35365,2.01954,0.969267,0.279607,0.138451,0.14115656912326813,0.195474,1.30588,0.259114,0.738661,,,4.10957,0.123964,0.0904698,999,,,,,,,77.00000000000001,4.529411764705883,66,3.8823529411764706,,,,,,,,,,,,,,,,,,,"Miguel Ullola","sa3016504",699044
"Cole Wilcox","SEA",0.662527,0.537783,0,4.03112,16.724,0,0,0.65,,18.1736,77.2925,16.6173,8.73,8.14,1.87709,6.60944,0.523812,0.939757,16.0414,7.94407,3.27315,2.42704,0.929581,0.207541,0.085512,0.12202908098697662,0.238263,1.27805,0.284423,0.703765,,,3.9587,0.123671,0.0414598,999,,,,,,,76.40000000000002,4.244444444444445,76,4.222222222222222,,,,,,,,,,,,,,,,,,,"Cole Wilcox","27481",677961
"Nestor Cortes",,0.838886,1.09469,0.743519,4.65727,2.727,2.501,0,0,,13.1021,55.9633,12.3233,7.26,6.78,2.29832,4.58526,0.0615436,0.442789,11.1064,7.62915,3.14968,2.4222,1.57875,0.198459,0.0819334,0.11652595549821854,0.241941,1.29053,0.267117,0.704743,,,4.87146,0.123344,0.109375,999,,,,,,,47.39999999999999,3.6461538461538456,46,3.5384615384615383,,,,,,,,,,,,,,,,,,,"Nestor Cortes","17874",641482
"Sammy Peralta","MIL",0.656829,0.42914,0,4.09078,13.471,0,0,0.621,,15.9285,67.5487,14.7877,7.78,7.24,1.9301,5.04184,0.491543,0.707303,14.8218,8.37471,2.84877,2.93977,1.09055,0.219425,0.0746401,0.14478446543216705,0.239285,1.24491,0.285423,0.703525,,,3.93214,0.122315,0.0368532,999,,,,,,,70.80000000000001,4.425000000000001,70,4.375,,,,,,,,,,,,,,,,,,,"Sammy Peralta","25589",671111
"Brandon Walter","HOU",0.436355,0.410699,0.456257,4.07106,1.373,1.064,0,0,,7.3175,30.4965,6.91827,3.54,3.31,0.994807,1.7676,0.0519923,0.362439,6.68894,8.22691,2.17402,3.78419,1.22354,0.219334,0.0579607,0.16137361899018288,0.243889,1.187,0.286396,0.705577,,,3.94754,0.121069,0.036766,999,,,,,,,29.300000000000015,4.185714285714288,30,4.285714285714286,,,,,,,,,,,,,,,,,,,"Brandon Walter","26056",687888
"Orlando Ribalta","WSN",1.24909,1.26936,0,4.33886,36.762,0,0,9.5819,,38.3534,166.71,33.7788,19.78,18.49,4.72434,18.7467,1.35334,1.41363,35.4546,8.31978,4.39909,1.89125,1.10861,0.212673,0.112451,0.10022192448377609,0.230495,1.36951,0.273145,0.713232,,,4.46456,0.120472,-0.0146019,999,,,,,,,181.29999999999998,4.7710526315789465,175,4.605263157894737,,,,,,,,,,,,,,,,,,,"Orlando Ribalta","26247",687377
"Didier Fuentes","ATL",0.481068,0.650485,0.235774,4.55443,2.689,1.619,0,0,,9.011,38.4644,8.83317,4.89,4.56,1.40817,2.75716,0.0909996,0.340657,8.81452,8.80376,2.7538,3.19695,1.40646,0.22916,0.0716808,0.1574793979525566,0.24976,1.28624,0.2953,0.696581,,,4.24164,0.119518,0.0519976,714.7000122070312,,,,,,,39.90000000000001,4.4333333333333345,41,4.555555555555555,,,,,,,,,,,,,,,,,,,"Didier Fuentes","30661",800311
"Colin Holderman","CLE",1.41073,1.41254,0,4.50082,38.272,0,0,0.679,,39.3728,171.467,37.2,21.06,19.69,4.57604,16.5254,0.782809,2.90681,34.4757,7.8806,3.77744,2.08622,1.04601,0.201064,0.0963768,0.10468684136867523,0.244681,1.36453,0.288752,0.690324,,,4.37543,0.119299,-0.0632168,999,,,,,,,142.90000000000003,3.664102564102565,142,3.641025641025641,,,,,,,,,,,,,,,,,,,"Colin Holderman","22361",670059
"Domingo Gonzalez","SEA",0.628147,0.500755,0,3.96809,15.709,0,0,0,,16.421,69.9794,13.816,7.74,7.24,1.8528,7.00644,0.497242,1.02907,17.2526,9.45576,3.84008,2.46239,1.01548,0.246538,0.100121,0.14641619473695755,0.223041,1.26804,0.279263,0.717691,,,3.96869,0.117305,0.0368531,999,,,,,,,67.4,4.2125,64,4,,,,,,,,,,,,,,,,,,,"Domingo Gonzalez","sa3007495",682445
"Zack Kelly","BOS",2.57515,1.90748,0,4.39006,51.645,0,0,12.1976,,55.3318,240.506,50.0604,28.92,26.99,6.66207,25.2833,1.71347,3.203,49.8208,8.10362,4.11245,1.97051,1.08362,0.20715,0.105125,0.10202497988939285,0.236112,1.36167,0.279023,0.70321,,,4.44404,0.115481,-0.0264895,999,,,,,,,254.89999999999998,4.634545454545454,248,4.509090909090909,,,,,,,,,,,,,,,,,,,"Zack Kelly","20349",677161
"Zach Pop","PHI",0.908322,0.631111,0,4.23032,22.833,0,0,0.6364,,23.2323,100.073,23.7881,11.76,10.92,2.19936,7.76506,0.671233,1.19844,17.5449,6.79673,3.00812,2.25946,0.852013,0.17532,0.0775936,0.09772612899541855,0.261092,1.35816,0.302508,0.695129,,,4.0129,0.113051,0.00189199,999,,,,,,,96.20000000000002,4.182608695652175,102,4.434782608695652,,,,,,,,,,,,,,,,,,,"Zach Pop","20185",647315
"Dane Dunning","SEA",0.656632,0.89836,0.121699,4.57684,6.48,1.955,0,0.65,,14.4532,62.5061,13.995,7.87,7.35,1.93355,5.44467,0.219575,0.845822,12.1721,7.57959,3.39039,2.23561,1.20402,0.194735,0.0871063,0.10762908309698105,0.248953,1.34501,0.286429,0.691441,,,4.49562,0.112586,0.0311635,999,,,,,,,52.6,3.757142857142857,54,3.857142857142857,,,,,,,,,,,,,,,,,,,"Dane Dunning","19409",641540
"Caleb Ferguson","CIN",1.73774,1.53896,0,4.54999,48.466,0.05,0,6.9171,,47.9276,208.146,47.1082,25.94,24.23,5.83621,17.4585,0.914714,4.01331,40.274,7.56278,3.27841,2.30684,1.09594,0.193489,0.083876,0.1096128523349762,0.252355,1.34717,0.293617,0.684919,,,4.38156,0.111007,-0.0934667,999,,,,,,,204.20000000000005,4.254166666666667,207,4.3125,,,,,,,,,,,,,,,,,,,"Caleb Ferguson","19349",657571
"Cal Quantrill","TEX",1.14701,1.6946,0.958001,5.15784,5.171,3.909,0,0,,19.8397,86.5123,19.862,12.06,11.37,3.06801,7.52587,0.10962,1.09906,13.9671,6.33598,3.41401,1.85588,1.39176,0.161447,0.086992,0.07445454597473145,0.255009,1.38046,0.27598,0.663755,,,5.04166,0.109703,0.0378007,999,,,,,,,60.099999999999994,3.005,62,3.1,,,,,,,,,,,,,,,,,,,"Cal Quantrill","19312",615698
"Austin Gomber","TEX",1.18633,1.88432,0.702612,5.03061,6.357,4.339,0,0,,24.009,102.937,24.9939,14.35,13.42,4.45664,6.84253,0.259972,0.559479,16.9328,6.34741,2.56499,2.47464,1.67061,0.164496,0.0664729,0.09802326560020447,0.26162,1.32602,0.276985,0.68314,,,5.06261,0.108372,0.0737281,999,,,,,,,73.40000000000003,3.058333333333335,78,3.25,,,,,,,,,,,,,,,,,,,"Austin Gomber","16561",596295
"Lazaro Estrada","TOR",0.809406,0.499179,0,4.26115,17.225,0.049,0,0.6481,,21.6702,91.8883,19.3149,10.98,10.26,3.24412,7.44638,0.572622,1.20487,21.5896,8.96651,3.09261,2.89934,1.34734,0.234955,0.0810374,0.15391727536916733,0.232048,1.23494,0.27517,0.710245,,,4.2864,0.107722,0.0506732,999,,,,,,,100.5,4.568181818181818,95,4.318181818181818,,,,,,,,,,,,,,,,,,,"Lazaro Estrada","24914",681751
"Félix Bautista","BAL",0.473831,0.302202,0,3.65565,9.751,0,0,0.6611,,10.0201,42.1159,7.27326,4.34,4.07,1.16184,5.06017,0.17236,0.429131,12.8987,11.5856,4.54502,2.54907,1.04356,0.306268,0.120149,0.186118982732296,0.198579,1.23087,0.270824,0.746571,,,3.71141,0.106241,0.126164,999,,,,,,,58.5,5.85,52,5.2,,,,,,,,,,,,,,,,,,,"Felix Bautista","20666",642585
"Trevor Williams","WSN",0.617743,1.32252,0,5.0157,17.432,1.613,0,0.6452,,24.8699,108.532,26.4922,14.85,13.86,3.93229,7.90201,0.586809,0.959913,20.0453,7.25404,2.8596,2.53673,1.42303,0.184695,0.0728082,0.11188655346632004,0.265799,1.38296,0.298047,0.676527,,,4.64761,0.104985,-0.095442,999,,,,,,,85.20000000000002,3.408000000000001,90,3.6,,,,,,,,,,,,,,,,,,,"Trevor Williams","16977",592866
"Bryse Wilson","PHI",0.945214,1.34183,0.206484,5.02278,9.286,2.933,0,0.6364,,23.5089,102.195,25.0412,14.07,13.12,3.7192,7.33444,0.30521,1.07709,15.6857,6.00503,2.80787,2.13864,1.42384,0.153488,0.0717692,0.08171924948692322,0.267011,1.37717,0.286669,0.673776,,,4.93074,0.104837,0.0253717,999,,,,,,,75.40000000000003,3.141666666666668,80,3.3333333333333335,,,,,,,,,,,,,,,,,,,"Bryse Wilson","19990",669060
"Drey Jameson","ARI",1.26325,1.12972,0,4.67948,37.372,0,1,0.6469,,40.8315,179.198,41.6375,22.73,21.23,4.67144,16.3686,1.28481,2.11446,33.9034,7.47292,3.60794,2.07124,1.02967,0.189195,0.0913437,0.09785142540931702,0.259076,1.42062,0.302653,0.685424,,,4.31979,0.104783,-0.1601,999,,,,,,,155.70000000000005,3.7975609756097573,163,3.975609756097561,,,,,,,,,,,,,,,,,,,"Drey Jameson","26260",686753
"Cionel Pérez","WSN",1.6986,1.75174,0,4.44916,51.76,0,1,10.7558,,52.5133,230.825,51.1849,27.86,25.96,4.73406,24.4539,1.11443,3.4122,41.9994,7.19807,4.19104,1.71749,0.811348,0.181953,0.105941,0.07601200044155121,0.252193,1.44037,0.297332,0.692335,,,4.29946,0.103789,-0.0310945,999,,,,,,,250.10000000000005,4.718867924528303,252,4.754716981132075,,,,,,,,,,,,,,,,,,,"Cionel Perez","19614",672335
"Daison Acosta","SDP",0.674156,0.483531,0,3.98132,15.752,0,0,0,,16.6603,72.2778,13.5855,7.92,7.37,1.85409,8.80388,1.32316,0.980664,18.455,9.96953,4.75591,2.09624,1.00159,0.255335,0.121806,0.13352885842323303,0.217392,1.34388,0.2781,0.731011,,,4.12832,0.103457,0.09045,999,,,,,,,70.80000000000001,4.1647058823529415,65,3.823529411764706,,,,,,,,,,,,,,,,,,,"Daison Acosta","sa944989",670897
"James Karinchak","ATL",0.627586,0.482777,0,4.52973,16.56,0,0,0.6492,,17.405,76.1501,13.9744,9.36,8.76,2.21235,10.0015,0.347458,0.927073,22.1829,11.4706,5.17173,2.21795,1.14399,0.291305,0.13134,0.15996496379375458,0.214261,1.37753,0.2881,0.700042,,,4.12225,0.10277,-0.0118979,999,,,,,,,79.80000000000001,4.694117647058825,74,4.352941176470588,,,,,,,,,,,,,,,,,,,"James Karinchak","20151",675916
"Cole Sulser","TBR",2.10698,1.60979,0,4.3596,46.031,0,0,10.1593,,50.2477,214.377,44.8003,26.06,24.34,7.3862,20.3269,1.11234,1.70308,47.4691,8.50232,3.64081,2.33528,1.32296,0.221428,0.0948186,0.12660951912403107,0.232914,1.29612,0.272119,0.713081,,,4.47196,0.10275,0.0129949,999,,,,,,,234.89999999999998,4.6979999999999995,227,4.54,,,,,,,,,,,,,,,,,,,"Cole Sulser","15256",642121
"Emiliano Teodo","TEX",0.565131,0.342616,0,3.52876,12.168,0,0,0,,12.4463,52.811,9.37641,5.22,4.88,1.16684,6.38363,0.447201,0.75932,14.0958,10.1927,4.61605,2.20811,0.843752,0.26691,0.120877,0.14603252708911896,0.205317,1.26624,0.270003,0.746121,,,3.81054,0.10159,0.130638,999,,,,,,,60.100000000000016,5.008333333333335,54,4.5,,,,,,,,,,,,,,,,,,,"Emiliano Teodo","sa3015158",693713
"Greg Weissert","BOS",3.03021,2.31986,0,4.55966,61.632,0,1,16.6607,,62.8271,271.274,60.6484,34.2,31.83,8.24055,23.7165,1.54598,2.72978,51.571,7.38756,3.39739,2.17448,1.18046,0.190107,0.0874263,0.10268030315637589,0.247719,1.34281,0.283261,0.688812,,,4.46138,0.100706,-0.109951,999,,,,,,,305.20000000000005,4.844444444444445,307,4.873015873015873,,,,,,,,,,,,,,,,,,,"Greg Weissert","20375",669711
"James McArthur","KCR",0.993983,0.843831,0,4.5495,24.625,0,1,0.663,,25.9347,112.464,25.8131,14.04,13.11,3.20116,9.31169,0.612361,1.47808,22.8003,7.91228,3.23139,2.44857,1.11088,0.202734,0.0827971,0.11993701756000519,0.25388,1.35435,0.298812,0.688074,,,4.22957,0.099912,-0.0421408,999,,,,,,,112.9,4.342307692307693,116,4.461538461538462,,,,,,,,,,,,,,,,,,,"James McArthur","21527",663704
"Matt Waldron","SDP",0.988477,1.44708,0.837107,5.19323,4.213,3.406,0,0,,17.8675,77.8517,18.3087,11.03,10.31,3.34778,6.03997,0.13299,0.94469,14.9493,7.53008,3.04238,2.47506,1.6863,0.192023,0.0775829,0.11443976312875748,0.258352,1.36273,0.28459,0.677388,,,5.0703,0.0996947,0.0129109,999,,,,,,,58.500000000000014,3.250000000000001,60,3.3333333333333335,,,,,,,,,,,,,,,,,,,"Matt Waldron","25550",663362
"Isaiah Campbell","ARI",0.605962,0.493996,0,4.23209,17.264,0,0,0,,20.458,87.6567,20.4181,10.32,9.62,2.06892,6.55683,0.628646,0.950476,15.1326,6.65721,2.88452,2.30791,0.910171,0.172635,0.0748012,0.0978332981467247,0.254751,1.31855,0.291498,0.691695,,,4.07133,0.0985977,0.0460665,999,,,,,,,77.4,3.87,80,4,,,,,,,,,,,,,,,,,,,"Isaiah Campbell","25551",663462
"Anthony Molina","ATL",0.361339,0.313317,0,4.68298,9.855,0.048,0,0,,16.8162,73.1849,18.2424,9.37,8.75,1.91205,5.19782,0.437239,0.637566,13.3653,7.1531,2.78186,2.57134,1.02333,0.182624,0.0710231,0.1116010919213295,0.270861,1.39391,0.31361,0.677647,,,4.06472,0.0982645,-0.011827,999,,,,,,,62.40000000000002,3.670588235294119,67,3.9411764705882355,,,,,,,,,,,,,,,,,,,"Anthony Molina","26952",683627
"Pierson Ohl","COL",0.759614,1.36763,0,5.10821,17.371,1.41,0,0,,32.6827,141.806,36.0523,19.93,18.55,5.65683,8.33733,1.09604,0.793935,26.5036,7.29843,2.29589,3.17891,1.55775,0.1869,0.0587938,0.12810637429356575,0.271734,1.3582,0.302398,0.670677,,,4.60152,0.0979956,-0.198124,999,,,,,,,103.80000000000004,3.145454545454547,114,3.4545454545454546,,,,,,,,,,,,,,,,,,,"Pierson Ohl","30179",701487
"Jose Corniell","TEX",0.619036,0.487595,0,4.33397,14.024,0.136,0,0.6445,,16.6337,70.6391,15.6667,8.58,8.01,2.36086,5.00998,0.490879,0.863202,16.2879,8.81292,2.71075,3.2511,1.27739,0.23058,0.0709236,0.1596561223268509,0.241897,1.24306,0.288523,0.696353,,,4.0811,0.0974869,-0.0118762,999,,,,,,,77.60000000000002,4.564705882352943,77,4.529411764705882,,,,,,,,,,,,,,,,,,,"Jose Corniell","27984",692030
"Jean Cabrera","PHI",0.59911,0.723308,0.660334,4.75389,2.03,2.03,0,0,,10.2232,44.3193,10.5233,5.78,5.4,1.41916,3.56285,0.0292826,0.448267,7.55659,6.65245,3.13656,2.12094,1.24936,0.170503,0.0803906,0.0901128426194191,0.261071,1.37786,0.290566,0.686498,,,4.63851,0.0974282,0.0243707,999,,,,,,,37.1,3.71,41,4.1,,,,,,,,,,,,,,,,,,,"Jean Cabrera","sa3015433",691893
"Bobby Miller","LAD",0.88097,0.539171,0,4.41331,16.403,0.399,0,0.7772,,20.9027,90.1476,19.7242,10.95,10.25,2.57299,8.1357,0.55159,1.06661,19.1842,8.26009,3.50296,2.35803,1.10784,0.212809,0.0902487,0.12256062775850296,0.243674,1.33284,0.289775,0.697094,,,4.22051,0.0957306,-0.00268166,999,,,,,,,81.5,3.880952380952381,81,3.857142857142857,,,,,,,,,,,,,,,,,,,"Bobby Miller","27483",676272
"Tim Mayza","PHI",0.890473,0.624185,0,4.3009,22.52,0,0,0.6364,,22.2651,95.2518,23.1432,11.46,10.64,2.52443,6.48907,0.559617,0.813616,17.6615,7.13912,2.62301,2.72173,1.02042,0.185419,0.0681254,0.11729336529970169,0.263143,1.33088,0.304277,0.696307,,,4.00658,0.0955396,0.050673,999,,,,,,,85.10000000000001,3.8681818181818186,90,4.090909090909091,,,,,,,,,,,,,,,,,,,"Tim Mayza","15042",641835
"Adbert Alzolay","NYM",2.00101,1.40039,0,4.52043,40.769,0,0,0.7173,,42.1486,178.759,40.6303,22.7,21.17,6.67607,12.1375,0.899642,2.05917,38.0205,8.11852,2.59173,3.13247,1.42554,0.212691,0.0678989,0.1447921097278595,0.246899,1.25195,0.283268,0.692467,,,4.40062,0.0950702,-0.107177,999,,,,,,,156.10000000000005,3.7166666666666677,157,3.738095238095238,,,,,,,,,,,,,,,,,,,"Adbert Alzolay","17859",640470
"Gavin Collyer","TEX",0.675938,0.461207,0,4.09764,15.177,0,0,0,,15.9897,68.9552,13.2376,7.79,7.28,1.85617,7.60053,0.5321,1.15128,17.8429,10.0431,4.27805,2.34758,1.04477,0.25876,0.110224,0.14853589981794357,0.219881,1.30322,0.280992,0.715378,,,4.05448,0.0949949,0.0368532,999,,,,,,,69.00000000000001,4.312500000000001,63,3.9375,,,,,,,,,,,,,,,,,,,"Gavin Collyer","sa3011742",686560
"Henry Baez","ATH",0.486369,0.500942,0,3.97179,10.804,0.4,0,0,,13.5279,57.8664,12.2108,6.41,5.97,1.33864,5.34012,0.421339,0.846702,12.4845,8.30583,3.55274,2.33787,0.890587,0.215747,0.0922835,0.12346334755420685,0.236279,1.29739,0.287195,0.710662,,,3.94781,0.0949844,0.135313,999,,,,,,,66.10000000000001,4.721428571428572,63,4.5,,,,,,,,,,,,,,,,,,,"Henry Baez","sa3016584",692013
"Yariel Rodríguez","TOR",1.54861,0.973561,0,4.33309,33.054,0.096,0,0.6481,,36.0159,157.023,30.6904,18.48,17.34,4.2328,18.7257,1.00714,2.38734,35.3537,8.83453,4.67937,1.88797,1.05773,0.22515,0.119255,0.10589504987001419,0.225814,1.37206,0.274674,0.711335,,,4.45839,0.0908156,0.0829197,999,,,,,,,147.60000000000005,4.100000000000001,139,3.861111111111111,,,,,,,,,,,,,,,,,,,"Yariel Rodriguez","33838",684320
"Pete Hansen","STL",0.41017,0.621842,0.526357,4.72678,1.556,1.556,0,0,,7.9589,34.2917,8.40485,4.46,4.18,1.12723,2.35789,0.0226187,0.244635,5.79778,6.55619,2.66632,2.45889,1.27468,0.169072,0.0687596,0.1003127470612526,0.265227,1.35229,0.293876,0.686228,,,4.5004,0.0901012,0.0984272,999,,,,,,,32.10000000000001,4.012500000000001,33,4.125,,,,,,,,,,,,,,,,,,,"Pete Hansen","sa3020798",677337
"Michael Fulmer","SFG",0.389432,0.306023,0,4.15375,9.867,0,0,0.6513,,10.4869,45.2516,10.0001,5.19,4.84,1.10813,3.9554,0.314651,0.509009,10.3023,8.84155,3.39457,2.60461,0.951013,0.227666,0.0874089,0.14025737345218658,0.245177,1.33075,0.302686,0.70666,,,3.82117,0.0885985,0.0230332,999,,,,,,,44.7,4.470000000000001,46,4.6,,,,,,,,,,,,,,,,,,,"Michael Fulmer","13218",605242
"Daysbel Hernández","ATL",1.10657,0.837581,0,4.43954,28.991,0,0,0.6492,,30.4288,133.946,26.038,16.01,15.01,3.34376,17.0559,0.922571,2.12248,32.226,9.53156,5.04466,1.88944,0.988993,0.24059,0.127334,0.11325567960739136,0.226876,1.41622,0.286551,0.705077,,,4.33637,0.0832926,-0.0329704,999,,,,,,,128.5,4.283333333333333,122,4.066666666666666,,,,,,,,,,,,,,,,,,,"Daysbel Hernandez","20271",678226
"Manuel Rodríguez","TBR",0.544757,0.38319,0,3.84669,11.784,0,0,0.6597,,12.1429,51.543,10.9676,5.57,5.19,1.1691,4.46129,0.285399,0.82024,10.7816,7.99103,3.30659,2.41669,0.866507,0.209176,0.0865548,0.12262164056301117,0.237078,1.27061,0.28558,0.714819,,,3.91582,0.0827625,0.0276399,999,,,,,,,58.90000000000001,4.908333333333334,58,4.833333333333333,,,,,,,,,,,,,,,,,,,"Manuel Rodriguez","20794",655889
"Caleb Kilian","SFG",0.498549,0.395745,0,4.23936,12.613,0,0,0.6513,,13.4808,58.5567,13.2501,6.84,6.35,1.29116,5.26802,0.609425,0.660587,11.1699,7.4572,3.51702,2.12032,0.862002,0.190753,0.0899644,0.10078883916139603,0.251768,1.37366,0.297729,0.698849,,,4.04244,0.0806865,-0.0210759,999,,,,,,,58.10000000000001,4.46923076923077,60,4.615384615384615,,,,,,,,,,,,,,,,,,,"Caleb Kilian","26213",668873
"Dylan Smith","DET",0.753352,0.651431,0,4.39011,19.5,0,0,0.6028,,22.7352,98.1173,20.9694,11.91,11.09,2.9109,8.93281,0.591237,1.52088,20.5004,8.11533,3.53616,2.29496,1.15231,0.208938,0.0910421,0.11789564788341522,0.239203,1.31524,0.281056,0.696644,,,4.37559,0.0788818,0.00190274,999,,,,,,,91.70000000000002,3.986956521739131,89,3.869565217391304,,,,,,,,,,,,,,,,,,,"Dylan Smith","30145",681916
"Drew Smith","WSN",0.867005,0.91664,0,4.60872,26.088,0,0,0.6452,,26.5193,114.799,24.2766,14.55,13.58,3.88425,10.8617,0.566419,1.36843,25.7931,8.75353,3.68618,2.37469,1.31822,0.224679,0.0946141,0.13006525486707687,0.236684,1.32501,0.27976,0.6932,,,4.47753,0.0781324,-0.0906441,999,,,,,,,108.20000000000002,4.007407407407408,103,3.814814814814815,,,,,,,,,,,,,,,,,,,"Drew Smith","17755",622098
"Jackson Jobe","DET",0.337132,0.497951,0.0651249,4.37411,2.96,1.104,0,0,,8.6829,37.1757,7.77959,4.51,4.22,1.1971,3.54389,0.143086,0.419752,7.55944,7.83551,3.67331,2.13309,1.24082,0.203344,0.0953282,0.1080155223608017,0.23424,1.30411,0.269162,0.706241,,,4.55567,0.0775255,0.0344651,999,,,,,,,37.500000000000014,4.166666666666668,36,4,,,,,,,,,,,,,,,,,,,"Jackson Jobe","30203",695549
"Eric Cerantola","KCR",0.499422,0.365914,0,3.93689,11.66,0,0,0,,12.3905,53.5178,9.81572,5.8,5.42,1.28406,6.66217,0.293511,0.802313,13.8301,10.0457,4.83915,2.07591,0.932693,0.25842,0.124485,0.13393501937389374,0.213138,1.32988,0.275756,0.727366,,,4.0573,0.0763301,0.0276399,999,,,,,,,54.500000000000014,4.541666666666668,51,4.25,,,,,,,,,,,,,,,,,,,"Eric Cerantola","sa3017914",672021
"Yoniel Curet","PHI",0.427786,0.552218,0.208006,4.49481,2.178,1.417,0,0,,7.2884,31.728,6.73707,3.9,3.64,0.920473,3.22375,0.0648986,0.490433,6.79231,8.38741,3.98081,2.10696,1.13664,0.214079,0.101606,0.1124737486243248,0.240491,1.36667,0.286517,0.698882,,,4.44188,0.076254,0.0242166,999,,,,,,,26.300000000000015,3.7571428571428593,27,3.857142857142857,,,,,,,,,,,,,,,,,,,"Yoniel Curet","sa3015446",692414
"Nick Raquet","STL",1.12822,0.973766,0,4.56943,26.76,0,0,0.6663,,28.7366,125.961,29.234,15.63,14.59,3.0056,11.775,0.961593,1.24105,24.315,7.61521,3.68781,2.06497,0.941322,0.193036,0.0934812,0.09955468028783798,0.258834,1.42707,0.306319,0.689625,,,4.16138,0.0751501,-0.0860639,999,,,,,,,115.30000000000001,3.9758620689655175,119,4.103448275862069,,,,,,,,,,,,,,,,,,,"Nick Raquet","20333",675919
"Chris Murphy","CHW",1.27985,1.13753,0,4.37117,32.113,0,0,6.2077,,38.214,165.547,34.3374,19.89,18.56,4.68659,16.9792,1.09027,2.37615,34.3893,8.09922,3.99886,2.02538,1.10377,0.207731,0.102564,0.10516728460788727,0.234879,1.34287,0.276811,0.702186,,,4.44913,0.0729807,-0.0145733,999,,,,,,,166.29999999999998,4.376315789473684,160,4.2105263157894735,,,,,,,,,,,,,,,,,,,"Chris Murphy","26214",669684
"Ryan Borucki",,0.798104,0.821163,0,3.94052,14.025,0,0,0,,14.1149,59.8449,12.4992,6.64,6.18,1.58081,5.46254,0.287899,0.717024,12.7952,8.15853,3.48304,2.34236,1.00796,0.213806,0.0912782,0.12252795696258545,0.23291,1.27254,0.277897,0.718904,,,4.09149,0.0727332,0.0322465,999,,,,,,,55.800000000000026,3.9857142857142875,52,3.7142857142857144,,,,,,,,,,,,,,,,,,,"Ryan Borucki","16350",621366
"Ryan Rolison","CHC",0.909408,0.856588,0,4.36458,21.244,0.489,0,0.7226,,24.7034,106.256,24.7876,12.89,11.98,2.77684,8.34919,0.783956,0.950791,18.6487,6.79415,3.0418,2.2336,1.01166,0.175507,0.0785761,0.09693136811256409,0.255658,1.34139,0.291415,0.692216,,,4.21602,0.0722235,0.00650419,999,,,,,,,98.1,3.924,101,4.04,,,,,,,,,,,,,,,,,,,"Ryan Rolison","22200",669020
"Rolddy Muñoz","ATL",0.530096,0.379968,0,4.15108,13.823,0,0,0.6492,,15.0467,65.3457,13.662,7.43,6.94,1.51776,6.83872,0.571689,1.08897,14.7613,8.82929,4.0905,2.15849,0.907832,0.225895,0.104654,0.12124093621969223,0.237939,1.36247,0.2952,0.711299,,,4.065,0.0714436,0.0858611,999,,,,,,,60.00000000000001,4.000000000000001,59,3.933333333333333,,,,,,,,,,,,,,,,,,,"Rolddy Munoz","27407",691548
"Michel Otañez","TEX",0.806824,0.557009,0,4.06788,18.045,0,0,0.6445,,18.12,79.1973,14.0333,8.72,8.19,1.96434,11.4019,0.537929,0.998829,21.6466,10.7516,5.66319,1.89851,0.975666,0.273325,0.143968,0.12935689091682434,0.210091,1.40371,0.279468,0.736836,,,4.20828,0.0710006,0.0414598,999,,,,,,,84.20000000000002,4.677777777777779,76,4.222222222222222,,,,,,,,,,,,,,,,,,,"Michel Otanez","22533",671305
"Trent Thornton","CHC",0.941247,0.778613,0,4.52058,22.578,0,0,0.7226,,24.05,103.072,23.0089,12.94,12.08,3.21446,8.37279,0.42721,1.23622,19.9919,7.48139,3.13327,2.38773,1.20292,0.193961,0.0812326,0.11272863298654556,0.246183,1.30485,0.281746,0.686038,,,4.40878,0.0707173,-0.0467204,999,,,,,,,97.90000000000002,4.0791666666666675,98,4.083333333333333,,,,,,,,,,,,,,,,,,,"Trent Thornton","17948",663423
"Eduarniel Núñez","ATH",1.74386,1.52858,0,4.55081,41.968,0,0,0.6336,,45.0118,201.02,39.3901,24.28,22.76,5.07514,26.6618,1.32387,4.12008,48.3409,9.66565,5.33097,1.81311,1.01476,0.240478,0.132633,0.10784539580345154,0.231382,1.46744,0.293736,0.708638,,,4.50457,0.0704402,-0.0494427,999,,,,,,,177.1,3.9355555555555553,167,3.7111111111111112,,,,,,,,,,,,,,,,,,,"Eduarniel Nunez","23162",674384
"Angel Chivilli","NYY",1.17485,0.703928,0,4.36142,22.994,0,0,0.691,,25.1959,107.991,24.4636,13.06,12.21,3.16392,8.35672,0.514681,1.59157,20.8826,7.4593,2.98503,2.4989,1.13015,0.193373,0.0773833,0.11599008738994598,0.24952,1.30261,0.287848,0.696011,,,4.29447,0.0696384,0.00649747,999,,,,,,,101.69999999999999,4.068,102,4.08,,,,,,,,,,,,,,,,,,,"Angel Chivilli","26790",683409
"Brady Basso","ATH",1.34955,1.22798,0,4.73102,32.919,0.081,0,0.6336,,37.0385,160.674,37.9426,20.92,19.47,5.43158,12.4099,1.09166,1.59102,32.4829,7.89304,3.0155,2.61749,1.31982,0.202166,0.0772367,0.12492963671684265,0.258688,1.35947,0.298928,0.688508,,,4.42157,0.0695418,-0.169155,999,,,,,,,139.5,3.77027027027027,146,3.945945945945946,,,,,,,,,,,,,,,,,,,"Brady Basso","25582",669620
"Jhony Brito","SDP",0.684082,0.540586,0,4.42197,16.544,0,0,0.6537,,18.3787,78.9332,18.6068,9.7,9.03,2.17657,5.73951,0.548321,0.729936,13.2091,6.46845,2.81062,2.30143,1.06586,0.167345,0.0727135,0.0946316346526146,0.256774,1.3247,0.287855,0.687649,,,4.2933,0.0679758,-0.0604212,999,,,,,,,68.20000000000002,3.7888888888888896,73,4.055555555555555,,,,,,,,,,,,,,,,,,,"Jhony Brito","25386",666745
"Eli Morgan","KCR",0.938517,0.789616,0,4.57947,22.696,0,0,0.663,,24.6841,105.389,23.6289,13.45,12.56,3.69309,8.25375,0.442773,0.888824,20.8973,7.61931,3.00938,2.53186,1.34653,0.198288,0.0783173,0.11997085809707642,0.245505,1.29163,0.278217,0.690042,,,4.49809,0.067897,0.00649747,999,,,,,,,92.4,3.696,92,3.68,,,,,,,,,,,,,,,,,,,"Eli Morgan","20203",669212
"Chad Green",,2.09433,2.44325,0,4.56956,37.651,0,1,0,,38.9578,165.191,36.853,21.27,19.78,6.55451,11.6745,1.01543,1.57739,33.0746,7.64088,2.69704,2.83306,1.51422,0.20022,0.0706728,0.1295473426580429,0.24255,1.24564,0.269775,0.692673,,,4.64485,0.0678763,-0.0632168,999,,,,,,,135.3,3.4692307692307693,133,3.41025641025641,,,,,,,,,,,,,,,,,,,"Chad Green","15552",643338
"Ryan Webb","CLE",0.354938,0.54126,0.466335,4.81062,1.348,1.348,0,0,,6.9409,30.2472,7.05347,3.97,3.71,0.938053,2.64288,0.021088,0.329309,5.53343,7.17499,3.42692,2.09372,1.21634,0.18294,0.0873759,0.09556455165147781,0.258606,1.39699,0.293961,0.683084,,,4.58226,0.0676734,0.036766,999,,,,,,,24.3,3.4714285714285715,25,3.5714285714285716,,,,,,,,,,,,,,,,,,,"Ryan Webb","sa3018280",669067
"Carlos Hernández","CLE",0.448833,0.441522,0,4.44719,12.025,0,0,0.679,,12.6889,54.7332,11.5313,6.7,6.27,1.68441,5.45138,0.244291,0.36204,12.1897,8.6459,3.86656,2.23607,1.19472,0.222711,0.0995991,0.12311145663261414,0.235719,1.33839,0.280973,0.703113,,,4.31398,0.0656928,-0.0210645,999,,,,,,,53.39999999999999,4.107692307692307,52,4,,,,,,,,,,,,,,,,,,,"Carlos Hernandez","22713",672578
"Jordan Hicks","CHW",1.90245,1.95897,0,4.52012,48.772,0.453,1,10.8226,,55.1335,244,53.195,29.6,27.69,4.97047,26.6848,1.18251,5.16646,45.0846,7.35961,4.35604,1.68952,0.81138,0.184772,0.109364,0.07540860772132874,0.250743,1.44884,0.297509,0.689509,,,4.4048,0.064726,-0.128176,999,,,,,,,250.7,4.558181818181818,253,4.6,,,,,,,,,,,,,,,,,,,"Jordan Hicks","19618",663855
"Gregory Santos","SFG",1.35151,1.08126,0,4.32994,34.107,0,1,4.0814,,35.1275,153.201,34.829,18.17,16.9,3.27904,14.279,0.91084,2.32325,25.2608,6.47205,3.65843,1.76908,0.840122,0.164887,0.0932049,0.07168199121952057,0.254974,1.398,0.291971,0.694966,,,4.3283,0.0645712,0.0295039,999,,,,,,,154.1,4.402857142857143,159,4.542857142857143,,,,,,,,,,,,,,,,,,,"Gregory Santos","21894",666619
"Kyle Nicolas","CIN",1.2408,1.10817,0,4.58924,34.671,0,0,0.6526,,37.8298,166.487,34.8143,20.57,19.29,4.87515,19.3927,0.864319,1.68052,38.0283,9.04722,4.61367,1.96096,1.15984,0.228416,0.116482,0.11193402111530304,0.239415,1.43292,0.292059,0.709914,,,4.47112,0.0634372,-0.116263,999,,,,,,,145.7,3.8342105263157893,142,3.736842105263158,,,,,,,,,,,,,,,,,,,"Kyle Nicolas","27775",693312
"Nate Pearson","HOU",1.84135,1.43985,0,4.6709,40.057,0,0,6.8207,,43.3535,188.475,39.4894,24.02,22.5,6.42488,18.6836,1.14018,2.67587,42.3023,8.78178,3.87864,2.26414,1.33378,0.224445,0.0991305,0.125314399600029,0.2363,1.34183,0.279288,0.694475,,,4.58824,0.0622034,-0.155589,999,,,,,,,188.99999999999997,4.395348837209301,183,4.255813953488372,,,,,,,,,,,,,,,,,,,"Nate Pearson","20160",663878
"Michael Darrell-Hicks","PIT",0.3264,0.221775,0,4.04482,7.035,0,0,0.6566,,7.899,34.0746,7.38552,3.79,3.55,0.660348,2.97402,0.227472,0.63197,6.66371,7.59254,3.38855,2.24064,0.75239,0.195563,0.0872796,0.10828298330307007,0.242398,1.3115,0.290573,0.696291,,,3.90423,0.0612927,0.0184266,999,,,,,,,34.7,4.3375,33,4.125,,,,,,,,,,,,,,,,,,,"Michael Darrell-Hicks","31501",690382
"Garrett Acton","MIA",0.713867,0.63864,0,4.4318,19.151,0,0,0.6387,,19.333,83.3252,17.563,10.24,9.52,2.75141,7.91018,0.808739,0.802319,18.4962,8.61044,3.68239,2.33828,1.28085,0.221976,0.0949313,0.1270444691181183,0.235389,1.3176,0.277551,0.704548,,,4.42379,0.0611513,-0.00730339,999,,,,,,,69.89999999999999,3.6789473684210523,69,3.6315789473684212,,,,,,,,,,,,,,,,,,,"Garrett Acton","27583",670183
"Hunter Stratton","ATL",0.584893,0.490825,0,4.83177,15.932,0,0,0.6492,,16.9503,74.305,17.0061,9.72,9.1,2.22258,6.64252,0.350586,0.972734,15.3567,8.15384,3.52694,2.31187,1.18011,0.206671,0.0893954,0.11727548390626907,0.255004,1.39518,0.301027,0.678221,,,4.37558,0.0596774,-0.113258,999,,,,,,,67.00000000000001,3.941176470588236,69,4.0588235294117645,,,,,,,,,,,,,,,,,,,"Hunter Stratton","23455",676702
"Gus Varland","WSN",0.893858,1.00119,0,4.79124,27.763,0,0,0.6452,,28.9278,127.16,28.1525,16.51,15.4,3.87722,12.5845,0.851189,1.65224,27.5317,8.56565,3.91529,2.18774,1.20628,0.216512,0.098966,0.11754608899354935,0.249307,1.40823,0.297804,0.686145,,,4.4505,0.0587767,-0.187313,999,,,,,,,107.60000000000004,3.710344827586208,108,3.7241379310344827,,,,,,,,,,,,,,,,,,,"Gus Varland","24737",681402
"Ryan Brasier","TEX",1.70543,1.35682,0,4.51203,38.218,0.313,0,0.6445,,40.0729,169.878,37.7297,21.49,20.09,6.16803,12.2813,0.708896,1.55056,32.5983,7.32127,2.75826,2.65431,1.38528,0.191893,0.0722947,0.1195978969335556,0.241786,1.248,0.269115,0.689317,,,4.54465,0.0585751,-0.0100016,999,,,,,,,151.39999999999998,3.7849999999999993,150,3.75,,,,,,,,,,,,,,,,,,,"Ryan Brasier","5615",518489
"Sean Guenther","DET",0.479427,0.431416,0,4.2645,12.376,0.109,0,0.6028,,13.2958,56.8874,13.2432,6.79,6.3,1.50707,3.91133,0.311072,0.877552,10.5791,7.16104,2.6476,2.70473,1.02014,0.185966,0.0687557,0.11720979958772659,0.254196,1.29022,0.293313,0.688919,,,4.09787,0.0584079,-0.0210645,999,,,,,,,48.8,3.753846153846154,50,3.8461538461538463,,,,,,,,,,,,,,,,,,,"Sean Guenther","20045",674944
"Seth Johnson","PHI",0.712293,0.606736,0,4.3853,17.12,0.355,0,0.6364,,20.0716,86.5779,18.0675,10.5,9.78,2.73997,8.94101,0.684649,0.509135,19.6419,8.80732,4.0091,2.19683,1.22859,0.22687,0.103271,0.12359833717346191,0.234254,1.34561,0.279976,0.712416,,,4.36505,0.0579547,0.0460665,999,,,,,,,78.3,3.915,75,3.75,,,,,,,,,,,,,,,,,,,"Seth Johnson","26020",686751
"Carson Spiers","CIN",0.166539,0.276771,0.0463117,4.94445,1.495,0.594,0,0,,5.7337,25.155,5.84102,3.36,3.15,0.857933,2.18473,0.11141,0.328421,4.75022,7.45627,3.4293,2.17429,1.34667,0.188838,0.0868506,0.10198747366666794,0.257974,1.39975,0.292543,0.683662,,,4.73831,0.0569223,0.0738207,999,,,,,,,20.500000000000007,3.416666666666668,21,3.5,,,,,,,,,,,,,,,,,,,"Carson Spiers","27685",686730
"Rafael Montero","NYY",1.61008,0.939695,0,4.33028,31.007,0,0,0.691,,31.6123,135.714,28.1555,16.25,15.21,3.88043,14.3692,0.568461,0.892474,28.5061,8.11568,4.09091,1.98383,1.10476,0.210045,0.105878,0.10416668653488159,0.233747,1.34519,0.275646,0.708364,,,4.37574,0.0557114,0.0737063,999,,,,,,,131.8,4.11875,125,3.90625,,,,,,,,,,,,,,,,,,,"Rafael Montero","12760",606160
"Wilber Dotel","PIT",0.497595,0.418162,0,4.35997,10.611,0.187,0,0,,11.7455,51.0056,10.5551,6.08,5.69,1.41189,5.36497,0.348107,0.670263,11.3467,8.69439,4.11091,2.11495,1.08186,0.222459,0.105184,0.1172751933336258,0.234712,1.35542,0.283846,0.705714,,,4.30724,0.0549581,0.0276399,999,,,,,,,51.90000000000001,4.325000000000001,51,4.25,,,,,,,,,,,,,,,,,,,"Wilber Dotel","sa3015163",696062
"Scott Barlow","ATH",2.28678,2.06035,0,4.68153,54.727,0.087,5,8.8446,,54.9244,240.821,49.1272,30.44,28.57,7.39804,26.7678,1.34971,4.4233,55.7612,9.13711,4.38621,2.08315,1.21225,0.231546,0.111152,0.12039382010698318,0.234352,1.38181,0.284897,0.69357,,,4.55937,0.0541885,-0.128276,999,,,,,,,273.5,4.972727272727273,264,4.8,,,,,,,,,,,,,,,,,,,"Scott Barlow","14993",605130
"Paul Gervase","LAD",1.09397,0.548271,0,4.47976,20.857,0,0,0.7772,,22.7423,98.876,20.1074,12.11,11.32,3.18469,11.0183,0.756694,0.957786,24.0744,9.52715,4.36037,2.18494,1.26031,0.24348,0.111436,0.13204456120729446,0.231386,1.36863,0.283744,0.713077,,,4.41824,0.0540909,0.00189882,999,,,,,,,97.30000000000001,4.230434782608696,92,4,,,,,,,,,,,,,,,,,,,"Paul Gervase","31571",801434
"Joey Gerber","NYM",0.603467,0.408871,0,4.37851,12.014,0,0,0.7173,,13.2785,56.8205,11.7292,6.9,6.46,1.96924,5.13817,0.450742,0.637816,12.9322,8.76528,3.48259,2.51689,1.33472,0.227597,0.0904281,0.13716937601566315,0.229783,1.27027,0.270035,0.706382,,,4.42019,0.0506242,-0.0210645,999,,,,,,,52.39999999999999,4.03076923076923,51,3.923076923076923,,,,,,,,,,,,,,,,,,,"Joey Gerber","24591",680702
"Grant Holman","ARI",0.755274,0.705107,0,4.62139,21.771,0.141,0,0.6469,,22.0648,96.2568,21.8649,12.13,11.33,2.66096,8.89054,0.811086,0.894371,18.0349,7.35623,3.62636,2.02854,1.08538,0.187362,0.0923626,0.09499912708997726,0.252856,1.39387,0.291959,0.689063,,,4.39857,0.048506,-0.0513104,999,,,,,,,78.7,3.5772727272727276,81,3.6818181818181817,,,,,,,,,,,,,,,,,,,"Grant Holman","30002",680880
"Ky Bush","CHW",0.640209,1.14504,0.172489,4.88447,6.772,2.209,0,0,,16.1041,70.4744,15.8,9.36,8.74,2.37876,6.95992,0.299666,0.649645,12.5242,6.99932,3.88965,1.79947,1.3294,0.177713,0.0987581,0.07895443588495255,0.251333,1.4133,0.279832,0.689663,,,4.91755,0.0471692,0.0422554,999,,,,,,,54.20000000000001,3.3875000000000006,56,3.5,,,,,,,,,,,,,,,,,,,"Ky Bush","29823",681066
"Enmanuel De Jesus","DET",1.09331,1.0428,0,4.88896,29.864,0,0,0.6028,,31.295,139.595,31.8094,18.23,17,3.32104,14.2613,1.08046,1.98797,25.6902,7.38814,4.10136,1.80139,0.955084,0.184034,0.102162,0.08187174797058105,0.257888,1.47214,0.301993,0.672136,,,4.43058,0.0468224,-0.182822,999,,,,,,,117.29999999999997,3.7838709677419344,124,4,,,,,,,,,,,,,,,,,,,"Enmanuel De Jesus","18554",646241
"Craig Kimbrel","NYM",0.624565,0.424313,0,4.393,12.36,0,0,0.7173,,12.5791,54.0313,10.0991,6.54,6.14,1.85823,6.17267,0.24384,0.709222,14.1468,10.1217,4.41637,2.29185,1.32951,0.261827,0.114242,0.14758418500423431,0.214195,1.29356,0.264604,0.711895,,,4.44756,0.0441813,-0.0210645,999,,,,,,,56.599999999999994,4.3538461538461535,50,3.8461538461538463,,,,,,,,,,,,,,,,,,,"Craig Kimbrel","6655",518886
"Konnor Pilkington","DET",0.97845,0.879771,0,4.35198,25.128,0.171,0,0.6028,,26.1812,114.78,22.7235,13.53,12.66,3.16567,13.8576,0.731354,1.50273,27.1178,9.32196,4.76365,1.95689,1.08823,0.236259,0.120731,0.11552730202674866,0.228561,1.39723,0.282888,0.717004,,,4.39555,0.0427844,-0.0421408,999,,,,,,,105.7,4.065384615384615,101,3.8846153846153846,,,,,,,,,,,,,,,,,,,"Konnor Pilkington","21453",663455
"Luis Mey","CIN",1.06992,0.919271,0,4.37869,29.829,0,0,0.6526,,30.2556,135.172,27.8601,15.69,14.72,2.60918,18.4049,1.05505,1.7261,28.0829,8.35369,5.47482,1.52584,0.77614,0.207757,0.136159,0.07159751653671265,0.242175,1.52914,0.299362,0.717518,,,4.39595,0.0408094,-0.0329785,999,,,,,,,112.3,3.743333333333333,111,3.7,,,,,,,,,,,,,,,,,,,"Luis Mey","25620",682825
"AJ Smith-Shawver","ATL",0.285162,0.345149,0,4.46356,6.828,0.43,0,0.6492,,8.5694,36.7949,7.37132,4.54,4.25,1.21952,3.80588,0.234497,0.387947,9.31627,9.7844,3.99712,2.44787,1.2808,0.253195,0.103435,0.14975985139608383,0.226107,1.30431,0.2788,0.700875,,,4.27906,0.0405077,-0.0301647,999,,,,,,,46.10000000000001,5.122222222222224,42,4.666666666666667,,,,,,,,,,,,,,,,,,,"AJ Smith-Shawver","29960",700363
"Colin Selby","BAL",1.6989,1.33081,0,4.5811,37.587,0,0,0.6611,,40.1759,176.038,38.3557,21.84,20.45,4.9436,18.5733,1.22766,2.06661,35.994,8.0632,4.16069,1.93795,1.10744,0.204467,0.105507,0.0989602655172348,0.246822,1.41699,0.291909,0.701668,,,4.48416,0.0398686,-0.111725,999,,,,,,,148.7,3.7175,148,3.7,,,,,,,,,,,,,,,,,,,"Colin Selby","24986",681882
"Joey Lucchesi","SFG",1.05239,0.916626,0,4.51904,26.726,0.127,0,0.6513,,29.9931,130.734,29.8956,16.2,15.06,3.55774,11.838,0.91108,1.72191,23.9503,7.18674,3.55222,2.02317,1.06757,0.183198,0.0905502,0.09264800697565079,0.255138,1.39144,0.293732,0.69474,,,4.43643,0.0397402,-0.0329526,999,,,,,,,104.80000000000001,3.4933333333333336,108,3.6,,,,,,,,,,,,,,,,,,,"Joey Lucchesi","19320",664192
"Nick Burdi","NYM",0.427639,0.301945,0,4.42459,8.815,0,0,0,,9.1127,39.9658,8.43419,4.79,4.48,0.985768,4.39858,0.197508,0.552174,8.94721,8.83656,4.34418,2.03411,0.973577,0.223872,0.110059,0.11381309479475021,0.240874,1.40823,0.296963,0.70226,,,4.20758,0.0394127,-0.0302225,999,,,,,,,36.500000000000014,4.055555555555557,35,3.888888888888889,,,,,,,,,,,,,,,,,,,"Nick Burdi","16074",595897
"Jose Espada","BAL",0.587051,0.428073,0,4.35184,12.32,0,0,0.6611,,14.518,61.8718,11.8844,7.49,7.02,2.40128,6.44165,0.365758,0.646055,15.5849,9.66136,3.99331,2.41939,1.4886,0.251889,0.104113,0.14777657389640808,0.216932,1.2623,0.257708,0.724129,,,4.60297,0.0391105,0.0858872,999,,,,,,,70.2,4.680000000000001,64,4.266666666666667,,,,,,,,,,,,,,,,,,,"Jose Espada","21131",664744
"Joe Elbis",,0.306127,0.471496,0.0704845,4.71439,3.007,1.039,0,0,,5.0208,21.697,5.08764,2.81,2.63,0.679839,1.66785,0.0595032,0.226638,3.61228,6.47516,2.98969,2.16583,1.21864,0.166487,0.07687,0.08961734175682068,0.256919,1.3455,0.284184,0.679821,,,4.58845,0.0389171,-0.0033016,999,,,,,,,13.7,2.7399999999999998,14,2.8,,,,,,,,,,,,,,,,,,,"Joe Elbis","sa3015216",692544
"Héctor Neris","KCR",0.590459,0.465003,0,4.39733,14.095,0,0,0.663,,14.3064,61.5177,12.5084,7.49,6.99,1.92787,6.25294,0.239019,0.748217,14.126,8.88649,3.93366,2.25909,1.2128,0.229624,0.101645,0.12797977030277252,0.229442,1.31139,0.275085,0.701725,,,4.3803,0.037745,0.0322465,999,,,,,,,56.20000000000003,4.014285714285717,55,3.9285714285714284,,,,,,,,,,,,,,,,,,,"Hector Neris","11804",593576
"Marco Gonzales","SDP",0.378061,0.55461,0.43901,5.15741,1.451,1.451,0,0,,7.0326,30.7112,7.42882,4.32,4.03,1.21756,2.45145,0.0227547,0.253052,4.581,5.86255,3.13725,1.86869,1.55818,0.149164,0.0798227,0.0693410187959671,0.265251,1.40492,0.279684,0.680098,,,5.23675,0.0328095,0.036766,999,,,,,,,25.3,3.6142857142857143,26,3.7142857142857144,,,,,,,,,,,,,,,,,,,"Marco Gonzales","15467",594835
"Peter Lambert","HOU",0.412254,0.315687,0,4.58312,9.095,0,0,0.6558,,9.4848,41.1023,9.27469,5.17,4.83,1.21547,3.55238,0.257613,0.477583,8.53594,8.09964,3.37081,2.40288,1.15334,0.207675,0.0864278,0.1212475448846817,0.250178,1.35238,0.294983,0.688251,,,4.27582,0.0320116,-0.0302225,999,,,,,,,40.90000000000001,4.544444444444446,42,4.666666666666667,,,,,,,,,,,,,,,,,,,"Peter Lambert","17969",663567
"Jackson Wolf","SDP",0.205336,0.149952,0,4.19635,4.887,0,0,0.6537,,6.091,26.101,5.48037,3.05,2.84,0.755297,2.41139,0.197495,0.24742,6.05223,8.94271,3.56304,2.50985,1.11602,0.231877,0.0923868,0.13949054479599,0.233783,1.29564,0.28405,0.708445,,,4.06944,0.0315909,0.01382,999,,,,,,,29.10000000000001,4.850000000000001,27,4.5,,,,,,,,,,,,,,,,,,,"Jackson Wolf","29832",680232
"Jeff Criswell","COL",0.411398,0.44972,0,4.99253,10.004,0,0,0.6093,,10.9784,48.4748,10.6774,6.53,6.09,1.6967,4.85462,0.477363,0.4924,11.6446,9.54614,3.97977,2.39866,1.39094,0.24022,0.100147,0.14007239788770676,0.247576,1.41478,0.301503,0.684219,,,4.48406,0.0308345,-0.126429,999,,,,,,,41.20000000000001,3.7454545454545465,42,3.8181818181818183,,,,,,,,,,,,,,,,,,,"Jeff Criswell","27608",676105
"Trevor Stephan","CLE",0.452199,0.495329,0,4.9688,12.807,0,0,0.679,,13.3312,58.6103,13.0337,7.88,7.36,1.8866,5.46313,0.285658,1.03131,13.4749,9.09705,3.6882,2.46653,1.27366,0.229908,0.0932111,0.13669651746749878,0.250091,1.38748,0.303287,0.669595,,,4.41478,0.0296358,-0.122218,999,,,,,,,49.8,3.8307692307692305,51,3.923076923076923,,,,,,,,,,,,,,,,,,,"Trevor Stephan","19932",663986
"Jake Bloss","TOR",0.422217,0.31863,0,4.36013,8.752,0.219,0,0.6481,,9.9286,42.3747,8.66852,5.15,4.81,1.43674,4.01723,0.245507,0.495964,9.62214,8.7222,3.64151,2.39522,1.30237,0.227072,0.0948025,0.13227002322673798,0.228953,1.2777,0.269816,0.705971,,,4.44176,0.0295773,0.0230332,999,,,,,,,50.300000000000004,5.03,49,4.9,,,,,,,,,,,,,,,,,,,"Jake Bloss","33168",814005
"Jake Miller","CLE",0.330077,0.316348,0,4.37395,8.778,0,0,0,,9.1359,39.1622,8.48789,4.75,4.44,1.19026,3.43551,0.212165,0.456835,7.86859,7.75154,3.3844,2.29037,1.17256,0.200923,0.087725,0.11319798231124878,0.240655,1.30511,0.278418,0.699364,,,4.38441,0.0288218,-0.0302225,999,,,,,,,40.500000000000014,4.500000000000002,39,4.333333333333333,,,,,,,,,,,,,,,,,,,"Jake Miller","sa3018171",681313
"Tom Cosgrove","HOU",0.424735,0.335996,0,4.73135,9.455,0,0,0.6558,,9.8344,43.136,9.64926,5.54,5.17,1.25851,4.02351,0.328234,0.589023,8.87045,8.11784,3.68213,2.20466,1.15173,0.205639,0.0932749,0.11236423254013062,0.250477,1.3903,0.295506,0.682803,,,4.40185,0.02844,-0.0784438,999,,,,,,,42.7,4.2700000000000005,44,4.4,,,,,,,,,,,,,,,,,,,"Tom Cosgrove","23443",676680
"Brent Suter","LAA",2.14549,2.11686,0,4.61025,55.385,0.247,0,11.9211,,61.5325,266.234,63.57,33.79,31.52,8.06105,19.2185,0.932521,3.92345,43.5818,6.37445,2.81098,2.26769,1.17904,0.163697,0.0721866,0.09151056408882141,0.261506,1.34544,0.289941,0.685265,,,4.54993,0.027237,-0.162942,999,,,,,,,261,4.209677419354839,273,4.403225806451613,,,,,,,,,,,,,,,,,,,"Brent Suter","13942",608718
"Dom Hamel","NYY",0.866832,0.584043,0,4.63367,17.094,0.118,0,0,,18.1994,79.8315,16.7401,9.99,9.37,2.5163,8.53774,0.529292,1.02488,18.3201,9.05969,4.2221,2.14578,1.24436,0.229485,0.106947,0.12253769487142563,0.238229,1.38894,0.287741,0.702726,,,4.49559,0.0270583,-0.0604212,999,,,,,,,58.10000000000001,3.2277777777777783,57,3.1666666666666665,,,,,,,,,,,,,,,,,,,"Dom Hamel","30153",687589
"Michael Petersen","MIA",0.883334,0.834361,0,4.64956,24.177,0,0,0.6387,,26.0541,114.809,23.6249,14.43,13.46,3.36149,13.4461,0.958211,1.34629,25.3845,8.7687,4.64477,1.88787,1.16118,0.221102,0.117117,0.10398472845554352,0.236209,1.42285,0.284316,0.699554,,,4.56706,0.024988,-0.042129,999,,,,,,,105.1,4.042307692307692,103,3.9615384615384617,,,,,,,,,,,,,,,,,,,"Michael Petersen","20827",656848
"Tanner Rainey","DET",0.437316,0.364411,0,4.29022,11.029,0,0,0.6028,,11.412,49.3546,9.29741,5.81,5.44,1.51448,5.90651,0.217227,0.653725,11.7535,9.2693,4.65813,1.98992,1.19438,0.238143,0.119675,0.1184682846069336,0.217258,1.33227,0.263592,0.717989,,,4.52508,0.0228638,-0.0256552,999,,,,,,,40.400000000000006,3.6727272727272733,36,3.272727272727273,,,,,,,,,,,,,,,,,,,"Tanner Rainey","17610",663432
"Sam Aldegheri","LAA",1.3498,2.79412,1.12826,5.69099,8.685,5.668,0,0,,35.4402,159.607,38.0387,23.86,22.41,6.26573,15.5507,0.446197,2.58626,26.9212,6.8366,3.94909,1.73118,1.59117,0.168672,0.0974317,0.07124030590057373,0.268882,1.51211,0.293426,0.663346,,,5.44955,0.0227797,-0.231957,999,,,,,,,83.39999999999999,2.3828571428571426,94,2.6857142857142855,,,,,,,,,,,,,,,,,,,"Sam Aldegheri","26443",691951
"Cole Irvin","LAD",0.628592,0.657265,0.637126,5.6149,1.787,1.765,0,0,,9.1364,40.3056,10.5492,6.08,5.7,1.72585,2.61575,0.0288076,0.4153,5.62055,5.53664,2.5767,2.14873,1.70008,0.139449,0.064898,0.07455053925514221,0.283014,1.44093,0.294818,0.659141,,,5.35571,0.0213249,-0.0345589,999,,,,,,,16.400000000000006,1.8222222222222229,22,2.4444444444444446,,,,,,,,,,,,,,,,,,,"Cole Irvin","19244",608344
"Colton Gordon","HOU",1.17739,1.01389,0,4.60733,24.867,0.416,0,0.6558,,31.5671,134.3,29.85,17.32,16.16,5.45769,9.73445,0.981976,1.37948,28.0744,8.00422,2.77536,2.88403,1.55603,0.209042,0.0724827,0.13655946403741837,0.242315,1.25398,0.27207,0.69699,,,4.66023,0.0210125,-0.0283274,999,,,,,,,124.30000000000001,3.8843750000000004,122,3.8125,,,,,,,,,,,,,,,,,,,"Colton Gordon","31312",676467
"Jayvien Sandridge","LAA",0.725899,0.666726,0,4.50783,18.702,0,0,0.6082,,18.9071,84.2116,15.9649,10.09,9.47,2.30631,11.517,0.753433,1.39804,21.5419,10.2542,5.48222,1.87045,1.09783,0.255807,0.136763,0.11904452741146088,0.223923,1.45352,0.287863,0.717102,,,4.49142,0.02071,-0.00730339,999,,,,,,,83.4,4.389473684210526,78,4.105263157894737,,,,,,,,,,,,,,,,,,,"Jayvien Sandridge","25158",682144
"Bryan Hoeing","SDP",0.414099,0.367412,0,4.38405,9.82,0.162,0,0,,12.4816,53.9016,12.5417,6.54,6.08,1.36528,4.56331,0.34702,0.469529,9.06441,6.536,3.29043,1.98637,0.98445,0.168166,0.08466,0.08350589871406555,0.25664,1.37042,0.290757,0.695358,,,4.31434,0.0206427,-0.0739255,999,,,,,,,45.70000000000002,3.808333333333335,50,4.166666666666667,,,,,,,,,,,,,,,,,,,"Bryan Hoeing","26304",663773
"Ken Waldichuk","WSN",0.454365,0.650684,0,4.59342,13.224,0.466,0,4.1296,,16.2232,71.0542,14.7208,8.88,8.28,2.16168,7.9538,0.471902,0.900489,16.4548,9.12847,4.41246,2.06879,1.19921,0.231581,0.11194,0.11964073032140732,0.236669,1.39766,0.288162,0.702077,,,4.47612,0.0191513,-0.0648918,999,,,,,,,75.80000000000001,4.737500000000001,75,4.6875,,,,,,,,,,,,,,,,,,,"Ken Waldichuk","27681",686610
"Corbin Martin","CHC",0.369577,0.317996,0,4.46091,8.797,0.052,0,0.7226,,9.4622,41.3558,8.47599,5.01,4.69,1.10539,4.88735,0.237987,0.400599,9.01545,8.57508,4.64862,1.84465,1.05139,0.217997,0.118178,0.09981916844844818,0.235001,1.41229,0.284064,0.706964,,,4.42479,0.0188222,-0.0302225,999,,,,,,,40.500000000000014,4.500000000000002,39,4.333333333333333,,,,,,,,,,,,,,,,,,,"Corbin Martin","19884",656686
"Cole Henry","WSN",2.11244,2.26242,0,4.59967,62.493,0,12,8.742,,62.574,273.975,54.0555,34.14,31.98,8.55302,31.0376,1.5825,5.55799,58.0825,8.35399,4.46413,1.87136,1.23018,0.211999,0.113286,0.09871278703212738,0.227717,1.35988,0.266495,0.696853,,,4.81013,0.0181779,-0.109951,730.6900024414062,,,,,,,316.1,5.017460317460317,299,4.746031746031746,,,,,,,,,,,,,,,,,,,"Cole Henry","27570",669371
"Angel Perdomo","LAA",0.410674,0.372957,0,4.48904,10.558,0,0,0,,11.0469,48.9993,8.96806,5.89,5.51,1.4785,6.84299,0.386745,0.768322,13.764,11.2137,5.57504,2.0114,1.20455,0.280903,0.139655,0.14124761521816254,0.216683,1.43127,0.286458,0.721996,,,4.45011,0.0168368,-0.0256552,999,,,,,,,49.70000000000001,4.518181818181819,46,4.181818181818182,,,,,,,,,,,,,,,,,,,"Angel Perdomo","17759",622780
"Blas Castaño","SEA",0.3134,0.282969,0,4.52026,8.117,0.006,0,0.65,,9.9751,43.4898,9.6048,5.36,5.01,1.13668,4.035,0.304444,0.760685,7.96471,7.18613,3.64056,1.97391,1.02557,0.18314,0.0927802,0.09035942703485489,0.248224,1.36738,0.286155,0.687209,,,4.46189,0.0159144,0.0230333,999,,,,,,,40.7,4.07,42,4.2,,,,,,,,,,,,,,,,,,,"Blas Castano","26117",680604
"Colin Poche","DET",0.656296,0.593514,0,4.59807,16.798,0,0,0.6028,,16.5787,71.8329,14.7562,9.1,8.47,2.50444,7.37239,0.41806,0.806753,14.4457,7.84204,4.00222,1.95943,1.35957,0.201101,0.102632,0.09846825897693634,0.23182,1.33476,0.26233,0.699621,,,4.83635,0.0145628,-0.0118979,999,,,,,,,57.900000000000006,3.405882352941177,54,3.176470588235294,,,,,,,,,,,,,,,,,,,"Colin Poche","19403",621363
"Collin Snider","CHC",0.399831,0.343719,0,4.74,9.802,0,0,0.7226,,10.1962,44.4205,9.96077,5.75,5.37,1.35361,3.99791,0.269848,0.613565,8.76829,7.73961,3.52888,2.19322,1.19481,0.197393,0.0900016,0.10739152878522873,0.250214,1.36901,0.289929,0.680449,,,4.49788,0.0145123,-0.0785266,999,,,,,,,42.7,4.2700000000000005,44,4.4,,,,,,,,,,,,,,,,,,,"Collin Snider","23307",676092
"Scott Blewett","STL",0.722501,0.718954,0,5.0425,17.355,0.066,0,0.6663,,19.8473,87.5729,20.7024,11.88,11.12,2.61612,8.20805,0.608946,0.483783,15.7912,7.16073,3.72204,1.92387,1.18631,0.180321,0.0937283,0.08659271895885468,0.262451,1.45664,0.299076,0.67453,,,4.57123,0.0142435,-0.15679,999,,,,,,,68.5,3.425,73,3.65,,,,,,,,,,,,,,,,,,,"Scott Blewett","16427",656240
"Carson Palmquist","COL",0.718582,1.34023,0,5.52248,17.328,1.232,0,0.6093,,24.1196,109.547,25.1882,15.84,14.8,3.67203,12.1548,0.690474,1.39588,24.2404,9.04507,4.53546,1.9943,1.37018,0.221279,0.110955,0.11032315343618393,0.262387,1.54824,0.316025,0.667751,,,4.78971,0.0137613,-0.289718,999,,,,,,,76.40000000000003,3.183333333333335,81,3.375,,,,,,,,,,,,,,,,,,,"Carson Palmquist","31612",687223
"Chase Shugart","PHI",1.17715,0.915576,0,4.77996,30.08,0,0,0.6364,,33.2137,145.972,33.424,18.91,17.64,4.2768,13.5621,0.794708,1.80786,26.412,7.15694,3.67495,1.94749,1.1589,0.180939,0.0929085,0.08803023397922516,0.255922,1.41466,0.291724,0.684806,,,4.60694,0.0132853,-0.17822,999,,,,,,,117.20000000000006,3.5515151515151535,121,3.6666666666666665,,,,,,,,,,,,,,,,,,,"Chase Shugart","21544",663767
"Julian Merryweather","MIN",0.409409,0.354787,0,5.07528,8.821,0,0,0.6406,,8.7069,38.564,8.85587,5.26,4.91,1.18098,3.87617,0.186291,0.304227,8.03507,8.30555,4.00666,2.07294,1.22073,0.208357,0.100513,0.10784412175416946,0.257561,1.46229,0.304952,0.674453,,,4.49311,0.0130884,-0.0302225,999,,,,,,,38.90000000000001,4.322222222222224,40,4.444444444444445,,,,,,,,,,,,,,,,,,,"Julian Merryweather","16703",657240
"Zach Brzykcy","MIA",0.300681,0.269287,0,4.39556,8.024,0,0,0.6387,,8.0058,34.8075,7.11762,4.19,3.91,1.04652,3.87074,0.367473,0.322796,7.45149,8.37685,4.35143,1.92508,1.17648,0.214077,0.111204,0.10287271440029144,0.232496,1.37255,0.274512,0.713871,,,4.54442,0.0124445,0.0184266,999,,,,,,,34.7,4.3375,33,4.125,,,,,,,,,,,,,,,,,,,"Zach Brzykcy","27783",694350
"Taylor Rashi","ARI",0.424547,0.378104,0,4.75907,12.368,0,0,0,,21.6912,95.1841,20.4227,12.28,11.47,3.05782,10.353,0.855023,0.630432,20.5717,8.53551,4.29561,1.98703,1.26874,0.216125,0.108768,0.10735733807086945,0.242547,1.41881,0.286685,0.698089,,,4.59004,0.01187,-0.0510385,999,,,,,,,82.9,3.7681818181818185,80,3.6363636363636362,,,,,,,,,,,,,,,,,,,"Taylor Rashi","26344",688497
"Daniel Robert","PHI",0.225216,0.161619,0,4.42483,5.531,0,0,0,,5.3697,23.2834,4.80484,2.83,2.64,0.713,2.40252,0.113347,0.308984,4.95858,8.31094,4.0268,2.06391,1.19504,0.212966,0.103186,0.10978025943040848,0.233563,1.34223,0.274614,0.704985,,,4.52932,0.0114328,-0.0393256,999,,,,,,,15.7,3.1399999999999997,16,3.2,,,,,,,,,,,,,,,,,,,"Daniel Robert","21229",642016
"Joe La Sorsa","PIT",0.237385,0.172463,0,4.55354,5.217,0,0,0.6566,,6.7991,29.1904,6.91247,3.69,3.44,0.916788,1.9932,0.300569,0.312854,4.94813,6.54986,2.63841,2.48251,1.21356,0.169512,0.0682828,0.101229727268219,0.257119,1.30983,0.285245,0.684276,,,4.45004,0.0114327,-0.0346621,999,,,,,,,29.3,4.185714285714286,30,4.285714285714286,,,,,,,,,,,,,,,,,,,"Joe La Sorsa","25481",686747
"Daniel Lynch IV","KCR",2.0107,1.86399,0,4.63409,48.769,0.443,0,10.7571,,56.2052,245.395,56.077,31.05,28.94,7.03529,20.6789,1.57179,4.3465,42.1436,6.74835,3.31127,2.038,1.12654,0.171738,0.0842681,0.08746995776891708,0.254468,1.36564,0.286474,0.683131,,,4.59849,0.0111112,-0.176608,999,,,,,,,235.70000000000007,4.208928571428573,242,4.321428571428571,,,,,,,,,,,,,,,,,,,"Daniel Lynch IV","21537",663738
"Shawn Dubin","ARI",0.41156,0.423565,0,4.78282,11.987,0.151,0,0,,14.6587,65.0439,14.6079,8.32,7.79,1.58697,6.97134,0.342488,0.849842,12.1714,7.47287,4.28019,1.74592,0.974351,0.187126,0.107179,0.07994688302278519,0.255281,1.47211,0.299577,0.684967,,,4.48255,0.010844,-0.0164601,999,,,,,,,47.400000000000006,3.1600000000000006,49,3.2666666666666666,,,,,,,,,,,,,,,,,,,"Shawn Dubin","24977",681869
"Logan VanWey","HOU",0.410032,0.308337,0,4.48708,8.746,0,0,0,,10.3096,44.7251,9.01762,5.5,5.14,1.5095,4.82212,0.361539,0.603629,10.1009,8.81783,4.20958,2.09471,1.31775,0.225845,0.107817,0.11802788078784943,0.22946,1.34241,0.27116,0.711191,,,4.65788,0.00933632,-0.0784438,999,,,,,,,28,2.8,26,2.6,,,,,,,,,,,,,,,,,,,"Logan VanWey","31884",701121
"Tucker Davidson","PHI",0.21873,0.159657,0,4.59568,5.561,0,0,0.6364,,5.8555,25.5997,5.76951,3.22,2.99,0.669177,2.47698,0.163074,0.251481,4.92776,7.57405,3.80716,1.98943,1.02854,0.192493,0.096758,0.09573478251695633,0.25226,1.40833,0.295255,0.687652,,,4.33557,0.0092619,0.0138199,999,,,,,,,24.500000000000007,4.083333333333335,25,4.166666666666667,,,,,,,,,,,,,,,,,,,"Tucker Davidson","19871",656353
"Nick Hernandez","ATH",0.411922,0.358379,0,4.62199,9.656,0,0,0,,11.878,51.411,10.3447,6.52,6.1,1.98615,5.4299,0.341211,0.602591,12.3203,9.33514,4.11426,2.26897,1.50491,0.239643,0.105618,0.13402587920427322,0.227966,1.32806,0.269007,0.712222,,,4.75804,0.00905689,-0.0739255,999,,,,,,,44.20000000000002,3.683333333333335,40,3.3333333333333335,,,,,,,,,,,,,,,,,,,"Nick Hernandez","19281",663321
"Jake Eder","WSN",0.467202,0.530329,0,4.83162,14.399,0.025,0,0.6452,,17.8077,78.3291,17.3604,10.22,9.56,2.31423,7.89506,0.517443,0.912825,15.5373,7.85253,3.99016,1.96797,1.16961,0.198359,0.100793,0.09756550937891006,0.249714,1.41823,0.2912,0.682948,,,4.5634,0.0089418,-0.0603294,999,,,,,,,73.40000000000002,4.077777777777779,73,4.055555555555555,,,,,,,,,,,,,,,,,,,"Jake Eder","27590",671109
"Tayler Saucedo","LAA",0.842273,0.780382,0,4.56188,21.996,0,0,0.6082,,22.0567,96.5484,22.049,11.99,11.18,2.51469,9.16881,0.595061,1.26195,17.7823,7.25589,3.74123,1.93944,1.02609,0.184181,0.0949659,0.08921469748020172,0.256034,1.41535,0.296782,0.694214,,,4.42357,0.0089218,-0.0513104,999,,,,,,,78.7,3.5772727272727276,81,3.6818181818181817,,,,,,,,,,,,,,,,,,,"Tayler Saucedo","17888",642048
"Matt Bowman","MIN",0.538038,0.455812,0,4.97814,11.459,0,0,0.6406,,14.1378,62.4639,14.7179,8.36,7.82,1.64237,5.63153,0.376558,0.881064,10.7719,6.85732,3.58498,1.91279,1.04552,0.17245,0.0901564,0.08229401707649231,0.263049,1.43937,0.300332,0.664231,,,4.50343,0.00816114,-0.0693912,999,,,,,,,45,3.2142857142857144,49,3.5,,,,,,,,,,,,,,,,,,,"Matt Bowman","13528",621199
"Ryan Loutos","SEA",0.604722,0.571708,0,4.70832,16.003,0,0,0.65,,16.439,71.9496,16.5438,9.2,8.6,2.07608,6.73043,0.565347,0.669768,13.2352,7.24596,3.68477,1.96646,1.13661,0.18395,0.0935437,0.090406633913517,0.256296,1.41579,0.293831,0.691006,,,4.51718,0.00804996,-0.0649976,999,,,,,,,55.60000000000001,3.4750000000000005,60,3.75,,,,,,,,,,,,,,,,,,,"Ryan Loutos","29521",702795
"Guillo Zuñiga","SEA",0.218192,0.197149,0,4.58031,5.597,0,0,0.65,,5.8555,25.251,5.26445,3.19,2.98,0.87956,2.44539,0.208131,0.314011,5.61365,8.62826,3.75861,2.2956,1.3519,0.222314,0.0968434,0.12547054886817932,0.234063,1.31668,0.274083,0.697672,,,4.58423,0.00761765,0.0138199,999,,,,,,,29.10000000000001,4.850000000000001,27,4.5,,,,,,,,,,,,,,,,,,,"Guillo Zuniga","19588",670871
"Jorge Alcala","TOR",0.799595,0.528916,0,4.72228,17.549,0,0,0,,18.8299,81.1853,17.5694,10.58,9.88,3.13072,7.45913,0.349926,0.761458,17.9215,8.56584,3.56519,2.40263,1.49637,0.220749,0.0918778,0.12887068837881088,0.240793,1.32919,0.278136,0.699839,,,4.70275,0.00699958,-0.108773,999,,,,,,,68.89999999999999,3.6263157894736837,68,3.5789473684210527,,,,,,,,,,,,,,,,,,,"Jorge Alcala","19459",660896
"Vince Velasquez","CHC",0.233129,0.206044,0,4.8446,5.718,0,0,0.7226,,6.0005,26.2541,5.54877,3.45,3.23,0.913694,2.79543,0.140802,0.291315,6.06833,9.10174,4.1928,2.1708,1.37043,0.231138,0.106476,0.12466233968734741,0.239508,1.39058,0.286375,0.692736,,,4.63528,0.00564256,0.0138199,999,,,,,,,23.500000000000007,3.916666666666668,24,4,,,,,,,,,,,,,,,,,,,"Vince Velasquez","11189",592826
"Jose Franco","CIN",0.5027,0.474325,0,4.77851,13.92,0.038,0,0,,14.7661,64.4124,13.4268,8.36,7.84,2.49452,6.78184,0.422543,0.72144,15.3576,9.36054,4.13356,2.26452,1.52042,0.238426,0.105288,0.1331387385725975,0.235935,1.36859,0.279907,0.708807,,,4.7756,0.00533867,-0.0164809,999,,,,,,,58.60000000000001,3.906666666666667,55,3.6666666666666665,,,,,,,,,,,,,,,,,,,"Jose Franco","sa3008714",683742
"Jesse Scholtens","TBR",1.05162,1.13241,0,5.07432,24.239,0.48,0,0.6597,,31.6062,139.419,32.5726,19.13,17.82,4.93559,12.8092,1.00546,1.18899,28.4498,8.10119,3.64748,2.22104,1.40543,0.20406,0.091876,0.11218401044607162,0.259707,1.43585,0.300288,0.682362,,,4.69362,0.00524573,-0.230422,999,,,,,,,107.50000000000001,3.3593750000000004,113,3.53125,,,,,,,,,,,,,,,,,,,"Jesse Scholtens","19205",669947
"Bradley Blalock","MIA",0.458855,0.70974,0,5.19513,12.477,0.617,0,0.6387,,16.579,74.0025,17.8418,10.27,9.57,2.31316,7.16397,0.581121,0.615633,11.9859,6.50663,3.889,1.67309,1.25571,0.161967,0.0968071,0.0651596188545227,0.26942,1.50828,0.299066,0.676966,,,4.91075,0.00411137,-0.0597859,999,,,,,,,58.40000000000002,3.43529411764706,63,3.7058823529411766,,,,,,,,,,,,,,,,,,,"Bradley Blalock","26419",687134
"Cam Sanders","PIT",1.0441,0.796726,0,4.62907,22.965,0,0,6.8285,,24.6529,110.213,21.4374,13.49,12.68,2.87964,15.3777,0.89467,1.40599,24.7166,9.02327,5.61391,1.6073,1.05127,0.224262,0.139527,0.08473528921604156,0.22945,1.49334,0.28189,0.711487,,,4.69086,0.0034697,0.00649747,999,,,,,,,123.5,4.94,116,4.64,,,,,,,,,,,,,,,,,,,"Cam Sanders","23479",676742
"Shinnosuke Ogasawara","WSN",0.272965,0.386384,0,4.82533,8.178,0.233,0,0,,11.8624,52.0307,12.0575,6.83,6.36,1.55954,4.62858,0.347213,0.46919,9.61455,7.29456,3.51171,2.07721,1.18322,0.184786,0.0889587,0.09582740813493729,0.256909,1.40664,0.293577,0.679602,,,4.51245,0.00228941,-0.0737407,999,,,,,,,38.000000000000014,3.166666666666668,39,3.25,,,,,,,,,,,,,,,,,,,"Shinnosuke Ogasawara","35324",829272
"Lyon Richardson","CIN",0.68897,0.637455,0,4.66569,19.269,0.072,0,0,,21.4888,95.0892,20.7141,11.89,11.14,2.32934,10.9847,0.714599,0.953239,18.1026,7.58178,4.60066,1.64798,0.975582,0.190375,0.11552,0.07485439628362656,0.249114,1.47513,0.293128,0.696568,,,4.5261,-0.000199473,-0.104219,999,,,,,,,76.20000000000002,3.6285714285714294,79,3.761904761904762,,,,,,,,,,,,,,,,,,,"Lyon Richardson","24581",680689
"Jalen Beeks","TEX",2.1578,1.76167,0,4.75843,50.285,0.162,1,6.9607,,51.8806,226.005,51.709,29.37,27.43,7.30017,19.6892,1.21327,2.55466,41.5574,7.20918,3.41559,2.11067,1.2664,0.183878,0.0871184,0.09675995260477066,0.253773,1.3762,0.286687,0.686983,,,4.64859,-0.000249139,-0.185841,999,,,,,,,211.50000000000006,4.067307692307693,217,4.173076923076923,,,,,,,,,,,,,,,,,,,"Jalen Beeks","17192",656222
"Yilber Díaz","ARI",0.659861,0.833005,0,5.20746,19.273,0.538,0,0.6469,,24.0751,109.048,23.5764,14.86,13.93,3.14518,14.1085,0.78074,1.02439,22.3152,8.34209,5.27419,1.58168,1.17576,0.204636,0.129379,0.07525719702243805,0.251039,1.56531,0.298463,0.68581,,,4.86537,-0.000339306,-0.19591,999,,,,,,,81.30000000000001,3.3875000000000006,84,3.5,,,,,,,,,,,,,,,,,,,"Yilber Diaz","29271",700270
"Kirby Yates","LAA",2.18472,1.97467,0,4.62041,55.656,0,11,10.176,,56.0794,243.09,46.9143,30.77,28.79,9.01465,27.8006,1.47792,3.29297,64.6091,10.3689,4.46163,2.32402,1.44673,0.265782,0.114363,0.15141908079385757,0.221297,1.33231,0.273895,0.707711,,,4.58403,-0.000436815,-0.176775,275.739990234375,,,,,,,313.5000000000001,5.598214285714287,295,5.267857142857143,,,,,,,,,,,,,,,,,,,"Kirby Yates","9073",489446
"Génesis Cabrera","PHI",0.761955,0.57207,0,4.67777,19.184,0,0,0.6364,,19.9518,86.5232,19.5166,11.16,10.37,2.81373,7.59454,0.568558,1.06039,16.3265,7.36467,3.4258,2.14977,1.26924,0.188695,0.0877747,0.10092029720544815,0.250637,1.35883,0.284411,0.688383,,,4.63326,-0.000920832,-0.0558626,999,,,,,,,68.1,3.405,70,3.5,,,,,,,,,,,,,,,,,,,"Genesis Cabrera","17490",650893
"Dylan Coleman","NYY",0.254671,0.15791,0,4.53706,4.957,0,0,0.691,,5.0385,22.3123,4.22014,2.7,2.54,0.577124,3.0428,0.134953,0.402891,5.05274,9.02544,5.43519,1.66056,1.03089,0.226456,0.136373,0.09008221328258514,0.223683,1.44149,0.27522,0.706888,,,4.67016,-0.00116807,-0.0392633,999,,,,,,,19.299999999999997,3.8599999999999994,17,3.4,,,,,,,,,,,,,,,,,,,"Dylan Coleman","22276",669395
"Logan Gillaspie","SDP",0.684943,0.588007,0,4.83843,16.989,0,0,0.6537,,19.1033,83.3798,19.6873,11,10.27,2.72101,6.70115,0.457412,0.953838,14.5688,6.8637,3.15706,2.17408,1.28193,0.174728,0.080369,0.09435931593179703,0.259984,1.38135,0.290344,0.681536,,,4.66369,-0.0021158,-0.108718,999,,,,,,,61.69999999999999,3.247368421052631,66,3.473684210526316,,,,,,,,,,,,,,,,,,,"Logan Gillaspie","22461",670810
"Derek Law","ARI",0.604951,0.614977,0,5.22934,18.763,0,0,0.6469,,19.6717,87.8006,21.8663,12.21,11.43,2.45119,7.71712,0.462983,0.9378,15.0923,6.90487,3.53066,1.95569,1.12144,0.171893,0.0878938,0.08399899303913116,0.27628,1.50386,0.31517,0.664331,,,4.54049,-0.00269516,-0.156975,999,,,,,,,73.2,3.66,81,4.05,,,,,,,,,,,,,,,,,,,"Derek Law","13133",571882
"Scott Effross","DET",0.494539,0.464277,0,4.87009,13.321,0,0,0.6028,,13.8786,60.5136,14.7409,8.09,7.51,1.7543,4.43239,0.508138,0.810385,9.10918,5.90712,2.87432,2.05514,1.13763,0.150531,0.0732462,0.07728499919176102,0.266704,1.3815,0.292444,0.662985,,,4.59897,-0.00292513,-0.0694943,999,,,,,,,47,3.357142857142857,51,3.642857142857143,,,,,,,,,,,,,,,,,,,"Scott Effross","18384",664123
"Lou Trivino","PHI",0.732881,0.574326,0,4.75755,18.505,0.021,0,0.6364,,19.0308,83.4606,18.5331,10.79,10.06,2.4185,8.02445,0.376873,1.463,14.9268,7.05913,3.7949,1.86016,1.14375,0.178848,0.0961465,0.08270161598920822,0.250538,1.3955,0.28457,0.680467,,,4.71412,-0.00844412,-0.108821,999,,,,,,,73.6,3.8736842105263154,76,4,,,,,,,,,,,,,,,,,,,"Lou Trivino","15043",642152
"Josh Fleming","TOR",0.260575,0.158928,0,4.36454,5.686,0,0,0,,9.6505,41.7174,10.1313,5.04,4.68,1.04956,3.20987,0.380003,0.399394,5.63771,5.2577,2.99351,1.75637,0.978814,0.135141,0.0769433,0.058197326958179474,0.265856,1.38243,0.289035,0.699234,,,4.5026,-0.00920748,0.0230334,999,,,,,,,38.7,3.87,40,4,,,,,,,,,,,,,,,,,,,"Josh Fleming","20418",676596
"Hogan Harris","ATH",2.21704,2.06592,0,4.80222,53.763,0.24,11,11.2588,,62.7272,277.286,59.295,35.8,33.47,8.61709,30.3634,1.81707,3.93461,61.3403,8.80101,4.3565,2.02021,1.23637,0.221217,0.109502,0.11171456426382065,0.244024,1.42934,0.292884,0.694101,,,4.60556,-0.0101938,-0.312511,663.6400146484375,,,,,,,321.1,5.096825396825397,317,5.031746031746032,,,,,,,,,,,,,,,,,,,"Hogan Harris","21520",663687
"Alek Jacob","SDP",1.0858,0.916168,0,4.77007,26.204,0,0,0.6537,,29.2071,126.635,27.0556,16.59,15.48,4.93179,10.7369,1.00352,2.82813,26.6037,8.19778,3.30853,2.47777,1.5197,0.210081,0.0847863,0.12529480457305908,0.239281,1.29395,0.271342,0.686432,,,4.90187,-0.0102895,-0.187186,999,,,,,,,98.90000000000002,3.4103448275862074,96,3.310344827586207,,,,,,,,,,,,,,,,,,,"Alek Jacob","29628",689690
"Beau Brieske","DET",1.55415,1.51408,0,4.65316,39.74,0.405,0,4.0186,,43.0546,186.572,40.2435,23.87,22.26,6.22433,18.2743,1.10537,1.27032,34.9152,7.29857,3.82,1.91062,1.30112,0.187141,0.0979475,0.08919316530227661,0.24094,1.35915,0.270234,0.695687,,,4.75447,-0.0104114,-0.155589,999,,,,,,,169.39999999999998,3.93953488372093,166,3.86046511627907,,,,,,,,,,,,,,,,,,,"Beau Brieske","26079",689225
"Jairo Iriarte","CHW",0.434921,0.422197,0,4.71653,11.162,0,0,0,,12.0788,53.2826,10.8929,6.78,6.33,1.64605,6.20477,0.345406,0.871708,11.5719,8.6223,4.62322,1.865,1.22648,0.21718,0.11645,0.10072942078113556,0.235747,1.41551,0.280309,0.697461,,,4.74824,-0.010803,-0.0739929,999,,,,,,,38.600000000000016,3.216666666666668,37,3.0833333333333335,,,,,,,,,,,,,,,,,,,"Jairo Iriarte","26907",683568
"Josh Staumont","CIN",0.338842,0.320073,0,4.95803,9.588,0,0,0.6526,,9.9838,44.2297,9.3062,5.85,5.5,1.38681,5.1671,0.180192,0.572674,9.45374,8.52218,4.65793,1.8296,1.25015,0.213742,0.116824,0.0969177633523941,0.241783,1.44968,0.286422,0.688115,,,4.77182,-0.0115692,-0.0785266,999,,,,,,,42.300000000000004,4.23,41,4.1,,,,,,,,,,,,,,,,,,,"Josh Staumont","18335",622251
"Chris Devenski","PIT",0.584118,0.51082,0,5.14416,13.107,0.076,0,0.6566,,14.2414,62.0761,14.3408,8.68,8.14,2.1414,4.96882,0.262165,0.890321,10.6209,6.71199,3.1401,2.13751,1.35328,0.171095,0.0800441,0.09105082601308823,0.255097,1.35588,0.280738,0.651657,,,4.83257,-0.0122822,-0.170048,999,,,,,,,50.6,3.6142857142857143,52,3.7142857142857144,,,,,,,,,,,,,,,,,,,"Chris Devenski","12763",606965
"Brandon Waddell","NYM",0.314042,0.298012,0,4.85318,6.268,0.229,0,0,,14.2793,63.0439,14.0341,8.23,7.7,1.83906,6.43046,0.450309,0.756793,11.3629,7.16183,4.05301,1.76704,1.15913,0.180238,0.102,0.07823802530765533,0.251252,1.43316,0.285902,0.683882,,,4.72792,-0.0141154,-0.0688365,999,,,,,,,43.6,3.1142857142857143,45,3.2142857142857144,,,,,,,,,,,,,,,,,,,"Brandon Waddell","18347",663399
"Randy Dobnak","SEA",0.336631,0.413741,0,4.7568,8.485,0.343,0,0.65,,11.39,50.3211,11.4251,6.43,6.02,1.30555,5.34152,0.314012,0.545,8.94216,7.06579,4.22069,1.67408,1.0316,0.177702,0.106149,0.07155323773622513,0.257123,1.47205,0.296008,0.691929,,,4.60549,-0.0141601,-0.0255939,999,,,,,,,44.50000000000001,4.045454545454546,46,4.181818181818182,,,,,,,,,,,,,,,,,,,"Randy Dobnak","23798",677976
"T.J. McFarland",,1.17351,1.43393,0,4.71943,22.076,0,0,0,,21.1869,92.9037,22.7109,11.94,11.11,2.33121,7.72209,0.68,1.06235,13.9115,5.90949,3.28027,1.80152,0.990277,0.149741,0.0831193,0.0666220560669899,0.269985,1.43641,0.300247,0.680658,,,4.49617,-0.015794,-0.104338,999,,,,,,,72.00000000000001,3.4285714285714293,80,3.8095238095238093,,,,,,,,,,,,,,,,,,,"T.J. McFarland","3237",519008
"Michael Kopech",,2.04657,2.4846,0,4.60428,36.645,0.28,0,0,,38.6836,170.51,31.6661,21.16,19.79,5.15005,23.361,0.988232,2.20457,41.6675,9.69422,5.4351,1.78363,1.19819,0.244369,0.137007,0.10736270248889923,0.21847,1.42249,0.270221,0.708265,,,4.69426,-0.0168674,-0.0632054,999,,,,,,,152.90000000000003,3.9205128205128212,139,3.5641025641025643,,,,,,,,,,,,,,,,,,,"Michael Kopech","17282",656629
"Luis Guerrero","TBR",0.842227,0.680361,0,4.62931,18.687,0,0,0.6597,,20.6467,90.8062,18.4054,11.35,10.62,2.68504,10.8959,0.821107,1.02075,18.6678,8.13737,4.74959,1.71328,1.17042,0.205578,0.119991,0.08558708429336548,0.233306,1.41918,0.273223,0.702809,,,4.74896,-0.0178999,-0.00269816,999,,,,,,,77.7,3.7,72,3.4285714285714284,,,,,,,,,,,,,,,,,,,"Luis Guerrero","31184",692285
"Connor Seabold","TOR",0.356589,0.2923,0,4.98275,7.78,0.15,0,0.6481,,9.3021,40.5037,9.25593,5.52,5.15,1.64106,3.2392,0.236649,0.594754,7.80184,7.54846,3.134,2.40857,1.58776,0.19262,0.0799728,0.11264745891094208,0.252413,1.34326,0.279682,0.683994,,,4.98761,-0.0181685,-0.130607,999,,,,,,,26.60000000000001,2.9555555555555566,27,3,,,,,,,,,,,,,,,,,,,"Connor Seabold","19695",657756
"Osvaldo Bido","NYY",0.663667,0.601108,0,4.99641,12.789,0.495,0,0.691,,17.2564,75.9442,16.2547,10.22,9.58,2.75628,7.77777,0.437824,1.07538,15.8439,8.26332,4.05646,2.03708,1.43753,0.208626,0.102414,0.1062113344669342,0.242278,1.39267,0.27837,0.684678,,,4.91438,-0.0188996,-0.113018,999,,,,,,,56.300000000000004,3.311764705882353,55,3.235294117647059,,,,,,,,,,,,,,,,,,,"Osvaldo Bido","23150",674370
"Joey Estes","ATH",0.960325,1.27479,0,5.06448,22.12,1.082,0,0.6336,,30.5658,131.993,30.7375,18.43,17.2,6.09449,8.98391,1.00214,1.72387,25.2862,7.44544,2.64528,2.81461,1.7945,0.191573,0.0680637,0.12350913882255554,0.253432,1.29954,0.274103,0.682655,,,5.12361,-0.0193515,-0.122646,999,,,,,,,95.99999999999997,3.096774193548386,98,3.161290322580645,,,,,,,,,,,,,,,,,,,"Joey Estes","26257",683155
"Nick Sandlin","LAA",1.39109,1.24693,0,4.45943,34.4,0,0,0.6082,,34.0268,146.827,28.0301,17.99,16.86,5.0462,16.3024,1.01686,2.91941,32.8334,8.68434,4.31195,2.01402,1.33471,0.223619,0.111031,0.1125875860452652,0.219662,1.30287,0.256157,0.706844,,,4.8279,-0.0211097,-0.0237959,999,,,,,,,130.3,3.8323529411764707,118,3.4705882352941178,,,,,,,,,,,,,,,,,,,"Nick Sandlin","20517",680704
"Bryce Jarvis","ARI",0.114657,0.129936,0,5.32592,3.444,0.045,0,0,,5.6103,25.2244,5.86451,3.54,3.32,0.778427,2.73043,0.196402,0.239528,4.54031,7.28353,4.38013,1.66286,1.24875,0.179996,0.108245,0.07175122946500778,0.26352,1.53199,0.300316,0.67353,,,4.90844,-0.0220367,-0.0859935,999,,,,,,,17.500000000000007,2.916666666666668,18,3,,,,,,,,,,,,,,,,,,,"Bryce Jarvis","27477",686826
"Jackson Rutledge","WSN",1.68833,1.95556,0,4.84052,52.113,0.089,2,0.6452,,59.3676,262.92,58.9271,34.24,31.93,7.81767,25.735,1.53203,4.72069,49.7176,7.53708,3.90137,1.93191,1.18514,0.189098,0.0978815,0.09121658653020859,0.253489,1.42606,0.292173,0.683992,,,4.7111,-0.0246129,-0.321609,999,,,,,,,205.80000000000004,3.4881355932203397,212,3.593220338983051,,,,,,,,,,,,,,,,,,,"Jackson Rutledge","26215",671131
"Kevin Herget","NYM",0.201278,0.170588,0,5.45271,4.35,0,0,0,,7.1304,31.3616,7.68528,4.62,4.32,1.36723,2.41078,0.164768,0.211122,5.58192,7.04551,3.04289,2.3154,1.72572,0.177986,0.0768702,0.10111537575721741,0.26741,1.41592,0.289944,0.669286,,,5.16529,-0.0247606,-0.133122,999,,,,,,,24.7,3.5285714285714285,28,4,,,,,,,,,,,,,,,,,,,"Kevin Herget","15369",643361
"Valente Bellozo","COL",0.512861,0.754051,0,5.23228,11.98,0.474,0,0.6093,,14.896,65.4109,16.0748,9.3,8.66,2.42219,4.79416,0.435659,0.544807,10.0292,6.05955,2.89658,2.09197,1.46346,0.153326,0.0732929,0.0800335481762886,0.267593,1.40098,0.286697,0.66192,,,4.9777,-0.0263976,-0.117511,999,,,,,,,50.800000000000004,3.386666666666667,55,3.6666666666666665,,,,,,,,,,,,,,,,,,,"Valente Bellozo","23899",678368
"Yunior Marte","CIN",0.252773,0.258616,0,5.28739,7.395,0,0,0.6526,,7.7108,34.3381,8.0795,4.84,4.53,1.14079,3.387,0.169179,0.40936,6.12441,7.14838,3.95328,1.80821,1.33153,0.178356,0.0986367,0.07971954345703125,0.26454,1.48707,0.298099,0.671419,,,4.94695,-0.0279379,-0.0828068,999,,,,,,,33.10000000000001,4.137500000000001,34,4.25,,,,,,,,,,,,,,,,,,,"Yunior Marte","14416",628708
"Alexis Díaz","TEX",1.49278,1.15841,0,4.71049,33.734,0,2,0.6445,,34.869,152.549,28.6933,19.42,18.25,4.98957,17.9662,0.718261,3.74969,34.8358,8.99142,4.63723,1.93896,1.28785,0.228359,0.117774,0.1105850413441658,0.219313,1.33814,0.26046,0.686581,,,4.86563,-0.028191,-0.0723759,747.47998046875,,,,,,,140.1,4.002857142857143,128,3.657142857142857,,,,,,,,,,,,,,,,,,,"Alexis Diaz","21132",664747
"Joe Ross","ARI",0.593326,0.713667,0,5.16943,17.464,0.405,0,0.6469,,19.9345,88.5507,21.7046,12.24,11.45,2.61485,7.61561,0.598896,1.16575,14.4746,6.53499,3.43828,1.90065,1.18055,0.163462,0.0860028,0.07745883613824844,0.272093,1.47083,0.30456,0.665651,,,4.70968,-0.0289864,-0.15679,999,,,,,,,58.89999999999999,2.9449999999999994,66,3.3,,,,,,,,,,,,,,,,,,,"Joe Ross","12972",605452
"Kyle Keller","BOS",0.945485,0.789357,0,4.99007,19.72,0,0,0.676,,20.4887,90.7534,18.6392,12.18,11.36,3.37183,10.6176,0.605672,1.24526,22.0227,9.67382,4.66397,2.07416,1.48113,0.242665,0.116994,0.1256706342101097,0.236267,1.42795,0.285393,0.695984,,,4.8618,-0.0326578,-0.157053,999,,,,,,,73.69999999999999,3.6849999999999996,73,3.65,,,,,,,,,,,,,,,,,,,"Kyle Keller","18890",664918
"Michael Tonkin","MIN",1.37416,1.78733,0,5.03144,25.996,0,0,0,,28.3696,124.04,28.0055,16.98,15.86,4.78042,10.7268,0.53432,1.99097,26.8088,8.50484,3.40299,2.49923,1.51654,0.21613,0.0864788,0.1296515390276909,0.251572,1.36527,0.291286,0.678916,,,4.7806,-0.0341542,-0.239836,999,,,,,,,87.90000000000005,3.139285714285716,90,3.2142857142857144,,,,,,,,,,,,,,,,,,,"Michael Tonkin","10315",543859
"Chayce McDermott","BAL",0.491621,0.621883,0,5.12928,10.301,0.652,0,0.6611,,14.1248,63.3954,12.8861,8.57,8.05,2.26104,8.54715,0.386984,0.680002,13.3962,8.53574,5.44605,1.56733,1.44068,0.211311,0.134823,0.0764886885881424,0.23789,1.51742,0.275896,0.704149,,,5.27907,-0.0350978,-0.11936,999,,,,,,,45.20000000000003,3.228571428571431,44,3.142857142857143,,,,,,,,,,,,,,,,,,,"Chayce McDermott","29866",694646
"Luke Jackson",,2.0742,2.58385,0,4.80927,39.181,0,1,0,,40.6465,179.949,40.5242,23.29,21.72,4.72348,19.0977,1.16016,2.22979,34.3406,7.60373,4.22865,1.79815,1.04588,0.190836,0.106129,0.084706611931324,0.255478,1.46684,0.299444,0.685391,,,4.53026,-0.035964,-0.160163,999,,,,,,,145.30000000000004,3.543902439024391,150,3.658536585365854,,,,,,,,,,,,,,,,,,,"Luke Jackson","11752",592426
"Seth Martinez","BOS",0.564996,0.47672,0,5.09958,11.714,0,0,0.676,,12.4422,54.6778,12.095,7.55,7.05,2.03667,5.24931,0.395055,0.77492,10.1652,7.35292,3.79706,1.93648,1.47322,0.18591,0.0960045,0.08990592509508133,0.248594,1.39399,0.275935,0.675797,,,5.08167,-0.0362095,-0.174454,999,,,,,,,39.000000000000014,3.2500000000000013,40,3.3333333333333335,,,,,,,,,,,,,,,,,,,"Seth Martinez","21045",661527
"Ryder Ryan","LAD",0.373285,0.212884,0,5.23209,7.48,0,0,0.7772,,7.8267,34.6719,7.93145,4.87,4.55,1.19139,3.39502,0.177436,0.509877,6.43075,7.39478,3.90397,1.89417,1.36999,0.185474,0.0979185,0.08755570650100708,0.257791,1.44716,0.291212,0.668474,,,4.96748,-0.036214,-0.0828068,999,,,,,,,30.100000000000005,3.7625000000000006,31,3.875,,,,,,,,,,,,,,,,,,,"Ryder Ryan","19891",656924
"Kaleb Ort","LAA",0.881215,0.871451,0,4.86092,22.705,0,0,0,,23.5326,103.059,21.5718,13.57,12.71,3.7237,11.4187,0.72846,0.90893,21.644,8.27771,4.36705,1.89549,1.42412,0.210015,0.110797,0.09921799600124359,0.237753,1.4019,0.273057,0.699149,,,4.92427,-0.0368481,-0.148044,999,,,,,,,79.20000000000003,3.300000000000001,76,3.1666666666666665,,,,,,,,,,,,,,,,,,,"Kaleb Ort","20061",672391
"Victor Mederos","LAA",0.788024,1.0476,0,5.1273,20.375,0.638,0,0.6082,,25.9786,116.473,25.7209,15.77,14.8,3.49577,13.1273,0.810196,1.87901,21.8315,7.56327,4.54782,1.66305,1.21107,0.187438,0.112707,0.07473073154687881,0.253491,1.49539,0.2919,0.679688,,,4.93666,-0.038675,-0.189495,999,,,,,,,90.9,3.496153846153846,94,3.6153846153846154,,,,,,,,,,,,,,,,,,,"Victor Mederos","31533",682989
"Jorge López",,1.3269,1.70044,0,4.93034,25.245,0,0,0,,26.1037,114.902,27.1218,15.3,14.3,3.59825,9.89446,0.693734,1.85732,21.1134,7.27946,3.4114,2.13386,1.2406,0.183752,0.0861126,0.09763987362384796,0.262936,1.41805,0.299899,0.679085,,,4.66004,-0.0397262,-0.143545,999,,,,,,,78.99999999999999,3.038461538461538,84,3.230769230769231,,,,,,,,,,,,,,,,,,,"Jorge Lopez","14527",605347
"Kolby Allard","CLE",0.765502,0.924981,0,5.13397,21.361,0.204,0,0.679,,24.7703,108.201,26.1576,15.12,14.13,4.22253,7.96054,0.787672,1.16676,20.0704,7.29234,2.89237,2.52123,1.53421,0.185492,0.0735721,0.1119203194975853,0.264023,1.37738,0.293326,0.673535,,,4.83612,-0.0398832,-0.195962,999,,,,,,,85.20000000000002,3.408000000000001,90,3.6,,,,,,,,,,,,,,,,,,,"Kolby Allard","18694",663465
"Tejay Antone","CIN",0.398279,0.428613,0,5.45032,12.029,0,0,0.6526,,12.6488,57.1226,13.4724,8.18,7.66,1.94393,6.0585,0.336178,0.759729,11.8111,8.40398,4.31081,1.94952,1.38316,0.206768,0.106061,0.10070697963237762,0.267817,1.54409,0.315422,0.675271,,,4.88261,-0.0405135,-0.122111,999,,,,,,,44.8,3.446153846153846,46,3.5384615384615383,,,,,,,,,,,,,,,,,,,"Tejay Antone","16233",622088
"Casey Lawrence","SEA",0.369945,0.6235,0.433108,6.11299,1.601,1.354,0,0,,7.5086,33.4248,8.86058,5.42,5.1,1.62632,2.26326,0.046947,0.307259,3.83576,4.59764,2.7128,1.6948,1.94934,0.114758,0.0677119,0.047045908868312836,0.287175,1.48148,0.284901,0.64472,,,5.95619,-0.0420123,-0.0135431,999,,,,,,,13.200000000000003,1.6500000000000004,16,2,,,,,,,,,,,,,,,,,,,"Casey Lawrence","11121",596271
"Tommy Kahnle","BOS",2.61742,3.01889,0,4.4995,47.675,0,1,4.146,,47.8053,208.696,45.0902,25.58,23.9,6.04109,21.7606,0.911415,2.55412,40.6295,7.64905,4.09674,1.86711,1.13732,0.194683,0.10427,0.09041308611631393,0.244549,1.3984,0.28356,0.706773,,,4.604,-0.042221,-0.0934667,742.8699951171875,,,,,,,192.40000000000003,4.008333333333334,190,3.9583333333333335,,,,,,,,,,,,,,,,,,,"Tommy Kahnle","11384",592454
"Triston McKenzie","SDP",0.326269,0.374445,0,4.76308,7.257,0.351,0,0.6537,,8.9375,38.8158,7.77689,5.06,4.73,1.51666,4.41353,0.256878,0.343254,7.37672,7.42831,4.4444,1.67139,1.52727,0.190044,0.113704,0.07633968442678452,0.228335,1.36396,0.248761,0.70829,,,5.28714,-0.0437987,-0.0301647,999,,,,,,,27.200000000000006,3.022222222222223,25,2.7777777777777777,,,,,,,,,,,,,,,,,,,"Triston McKenzie","18000",663474
"Andry Lara","WSN",0.743397,0.865493,0,4.99023,23.241,0,0,0,,34.303,151.544,36.1024,20.39,19.02,4.51628,14.0656,1.05369,1.21146,24.478,6.42224,3.69036,1.74028,1.18493,0.161525,0.0928155,0.0687091127038002,0.264939,1.46249,0.294448,0.679162,,,4.7556,-0.0477774,-0.225701,999,,,,,,,99.50000000000003,2.926470588235295,108,3.176470588235294,,,,,,,,,,,,,,,,,,,"Andry Lara","27967",691251
"Tayler Scott","ATL",0.511371,0.495456,0,5.52457,14.498,0.038,0,0,,15.3134,68.73,15.7666,10.03,9.4,2.32513,7.44165,0.410651,0.778449,14.0291,8.2452,4.37361,1.88522,1.36652,0.204119,0.108274,0.09584545344114304,0.260562,1.51555,0.30441,0.660462,,,4.88711,-0.0497526,-0.217844,999,,,,,,,48.800000000000004,3.2533333333333334,53,3.533333333333333,,,,,,,,,,,,,,,,,,,"Tayler Scott","13652",605463
"Thomas Hatch","ARI",0.157221,0.226571,0,5.49618,4.597,0.192,0,0,,10.9385,48.9404,11.9448,7.15,6.68,1.66098,4.57,0.402846,0.564772,7.83194,6.44398,3.76011,1.71377,1.36662,0.16003,0.0933789,0.06665124744176865,0.272678,1.50979,0.29971,0.659985,,,5.08542,-0.0517768,-0.124766,999,,,,,,,23.600000000000005,2.145454545454546,27,2.4545454545454546,,,,,,,,,,,,,,,,,,,"Thomas Hatch","19264",641672
"John Brebbia","COL",1.41854,1.645,0,5.38904,35.304,0,1,4.0619,,36.1567,159.658,38.8555,23.23,21.65,6.14139,12.813,0.775783,1.3602,31.2267,7.77283,3.18937,2.43711,1.52869,0.195585,0.0802527,0.1153319925069809,0.267076,1.42902,0.302581,0.660277,,,4.79193,-0.0517973,-0.423232,999,,,,,,,132.20000000000002,3.6722222222222225,143,3.9722222222222223,,,,,,,,,,,,,,,,,,,"John Brebbia","12777",605154
"Lucas Sims",,0.7904,0.96852,0,4.88226,14.351,0,0,0,,14.2311,63.4897,11.7789,8.22,7.72,2.02627,8.89081,0.346603,1.25912,14.4516,9.13943,5.62271,1.62545,1.28145,0.227621,0.140036,0.08758530020713806,0.220829,1.45244,0.264573,0.698131,,,5.0948,-0.0534198,-0.0695348,999,,,,,,,45.800000000000026,3.271428571428573,42,3,,,,,,,,,,,,,,,,,,,"Lucas Sims","13470",608371
"Hunter Strickland","LAA",1.0771,1.37254,0,5.06009,19.952,0,0,4.0548,,21.0589,92.514,20.1075,12.68,11.84,3.24016,9.29856,0.529713,1.2209,17.0107,7.2699,3.97395,1.82939,1.38476,0.183872,0.10051,0.08336169272661209,0.24523,1.39637,0.273183,0.672544,,,5.01838,-0.0576895,-0.205051,999,,,,,,,86.5,4.119047619047619,86,4.095238095238095,,,,,,,,,,,,,,,,,,,"Hunter Strickland","7836",519326
"Keegan Thompson","COL",1.58124,1.84424,0,5.15504,38.795,0.228,0,9.2154,,43.5942,194.808,43.7168,26.79,24.97,6.49111,20.8689,1.08051,2.4415,43.2509,8.92913,4.30837,2.07251,1.34009,0.222018,0.107126,0.11489297449588776,0.254912,1.48152,0.305742,0.681026,,,4.6907,-0.0601007,-0.405382,999,,,,,,,190.4,4.327272727272727,195,4.431818181818182,,,,,,,,,,,,,,,,,,,"Keegan Thompson","19795",624522
"Miguel Castro",,0.651857,0.693114,0,5.26825,17.587,0,0,0,,17.8693,79.6692,17.8685,11.16,10.46,2.392,8.74939,0.397784,1.09313,14.5074,7.30677,4.40669,1.65811,1.20475,0.182096,0.109822,0.072274349629879,0.255898,1.48959,0.292411,0.66431,,,4.90402,-0.0716055,-0.161488,999,,,,,,,61.800000000000026,3.433333333333335,64,3.5555555555555554,,,,,,,,,,,,,,,,,,,"Miguel Castro","15684",612434
"Vinny Nittoli","BOS",0.45582,0.407888,0,5.37196,9.729,0,0,0,,12.582,55.5349,12.6409,8.06,7.51,2.47951,5.14812,0.3157,0.694619,11.7962,8.43789,3.68249,2.29135,1.77362,0.21241,0.0927007,0.11970937252044678,0.254383,1.41384,0.28691,0.679509,,,5.21506,-0.0807553,-0.121831,999,,,,,,,43.8,3.369230769230769,45,3.4615384615384617,,,,,,,,,,,,,,,,,,,"Vinny Nittoli","16754",657697
"Kendall Graveman",,1.59763,2.09296,0,5.05939,30.507,0,0,0,,31.6461,140.876,32.1069,19.06,17.79,4.16648,14.7424,0.650778,2.14645,25.9249,7.37291,4.19266,1.75853,1.18493,0.184026,0.104647,0.07937822490930557,0.258952,1.48041,0.297567,0.677519,,,4.80931,-0.0841397,-0.231051,999,,,,,,,105.40000000000002,3.2937500000000006,109,3.40625,,,,,,,,,,,,,,,,,,,"Kendall Graveman","15514",608665
"Dan Altavilla","MIN",1.15265,0.962149,0,5.00146,23.97,0,0,0.6406,,24.5988,109.207,23.4228,14.58,13.67,3.18005,12.5907,0.611487,1.57659,19.7283,7.21804,4.60658,1.5669,1.16349,0.18065,0.115292,0.06535866111516953,0.246452,1.46404,0.280637,0.679105,,,4.93953,-0.091926,-0.196239,999,,,,,,,87.3,3.492,85,3.4,,,,,,,,,,,,,,,,,,,"Dan Altavilla","16507",656186
"Jackson Kowar","BAL",0.935035,0.831737,0,5.26176,21.602,0,0,0.6611,,23.2964,104.778,23.2053,14.51,13.62,3.35194,12.3407,0.53729,1.2781,20.9187,8.08144,4.76751,1.69511,1.29494,0.199649,0.11778,0.08186931163072586,0.254559,1.52581,0.296814,0.681807,,,4.96349,-0.0941619,-0.300895,999,,,,,,,80.50000000000001,3.5000000000000004,83,3.608695652173913,,,,,,,,,,,,,,,,,,,"Jackson Kowar","21549",663804
"Zach Agnos","COL",2.20549,2.38932,0,5.05998,53.587,0,4,10.5284,,56.0279,248.391,58.8417,33.79,31.5,7.35918,23.8487,1.81267,1.99563,42.5854,6.84067,3.83092,1.78565,1.18214,0.171445,0.0960126,0.07543199509382248,0.264402,1.47588,0.298273,0.675536,,,4.70635,-0.0966217,-0.479864,744.219970703125,,,,,,,246.90000000000006,4.408928571428572,261,4.660714285714286,,,,,,,,,,,,,,,,,,,"Zach Agnos","31552",688642
"Luis Peralta","COL",1.1215,1.38132,0,5.58136,28.779,0,0,0.6093,,28.4608,130.326,30.0632,18.87,17.65,4.16265,15.5248,0.721298,1.52169,27.4075,8.66691,4.90932,1.7654,1.31633,0.210299,0.119123,0.09117628633975983,0.26539,1.60178,0.316984,0.671977,,,4.90736,-0.115245,-0.440516,999,,,,,,,84.00000000000006,3.000000000000002,92,3.2857142857142856,,,,,,,,,,,,,,,,,,,"Luis Peralta","24203",678821
"Brennan Bernardino","COL",2.15199,2.87256,0,5.72064,56.222,0.364,1,10.9942,,55.8032,253.838,64.401,38.06,35.47,7.81354,21.7195,1.9139,5.49981,46.4982,7.49927,3.50295,2.14085,1.26018,0.183181,0.0855645,0.097616046667099,0.284182,1.54329,0.328411,0.639259,,,4.75221,-0.121894,-0.880571,999,,,,,,,209.6,3.742857142857143,236,4.214285714285714,,,,,,,,,,,,,,,,,,,"Brennan Bernardino","16835",657514
"Nick Anderson","ATH",1.05048,1.04272,0,5.31902,26.333,0,0,6.3919,,27.6987,121.742,29.2412,17.56,16.37,5.26631,9.9033,0.942906,0.968333,23.7108,7.70422,3.21783,2.39423,1.71116,0.194763,0.0813468,0.11341597884893417,0.263743,1.41322,0.292758,0.679363,,,5.07224,-0.12502,-0.340096,999,,,,,,,109.30000000000001,3.903571428571429,114,4.071428571428571,,,,,,,,,,,,,,,,,,,"Nick Anderson","18337",623433
"Tyler Ferguson","ATH",1.978,1.8079,0,4.89045,47.816,0,1,4.2241,,50.5536,225.056,45.5739,29.32,27.47,6.98249,27.2547,1.42443,4.9333,49.2897,8.77498,4.85212,1.80848,1.24308,0.21901,0.121102,0.09790852665901184,0.236295,1.44062,0.282522,0.690031,,,4.89084,-0.130897,-0.238731,999,,,,,,,194.70000000000007,3.817647058823531,187,3.6666666666666665,,,,,,,,,,,,,,,,,,,"Tyler Ferguson","19481",621053
"Albert Suárez","BAL",0.868296,0.843159,0,5.52277,20.052,0.108,0,0.6611,,23.7761,106.507,24.8527,15.57,14.59,3.98166,10.8558,0.629349,1.14329,18.4098,6.96867,4.10925,1.69585,1.50718,0.172849,0.101925,0.07092452049255371,0.262968,1.50186,0.289405,0.668294,,,5.27759,-0.14246,-0.347911,999,,,,,,,67.40000000000003,2.808333333333335,72,3,,,,,,,,,,,,,,,,,,,"Albert Suarez","6175",544150
"Dietrich Enns","BAL",2.21278,1.9874,0,5.12109,50.118,0.279,0,12.7526,,59.4717,262.164,59.0515,36.23,33.84,10.319,25.8483,2.05116,2.16972,56.7447,8.58732,3.91169,2.1953,1.56161,0.216448,0.0985961,0.11785172671079636,0.2522,1.42757,0.291668,0.690811,,,4.89584,-0.152684,-0.52277,999,,,,,,,242.20000000000002,4.105084745762712,247,4.186440677966102,,,,,,,,,,,,,,,,,,,"Dietrich Enns","13932",608650
"Scott McGough",,1.25466,1.74899,0,5.4005,24.239,0.061,0,0,,26.1976,116.95,26.7009,16.84,15.72,4.65949,12.0936,0.65926,1.44602,23.6031,8.10867,4.15466,1.9517,1.60073,0.201823,0.103408,0.09841419756412506,0.258204,1.48084,0.293309,0.680312,,,5.19586,-0.171223,-0.34431,999,,,,,,,69.7,2.680769230769231,74,2.8461538461538463,,,,,,,,,,,,,,,,,,,"Scott McGough","12056",543518
"Michael Kelly","ATH",2.29517,2.22601,0,5.18065,56.676,0,3,11.3221,,59.3439,262.57,60.3047,36.58,34.16,9.30064,25.8103,1.83929,2.21591,47.4709,7.19936,3.91435,1.83922,1.41052,0.180793,0.0982987,0.08249440789222717,0.257115,1.45112,0.286906,0.677688,,,4.9895,-0.187303,-0.623983,999,,,,,,,238.90000000000003,4.049152542372882,247,4.186440677966102,,,,,,,,,,,,,,,,,,,"Michael Kelly","12791",547184
"Tim Hill","NYY",3.01153,2.0235,0,4.92988,60.999,0,1,14.9259,,62.4356,272.759,70.8396,36.8,34.2,8.49734,17.991,1.32452,3.09869,28.856,4.15955,2.59338,1.60391,1.22488,0.105793,0.0659594,0.0398336723446846,0.281479,1.42276,0.29089,0.676299,,,4.99341,-0.38658,-0.466632,999,,,,,,,235.79999999999998,3.8032258064516125,266,4.290322580645161,,,,,,,,,,,,,,,,,,,"Tim Hill","16814",657612